AÃ±o,Mes,Partido,Votos
1977, 06, CAI, 0
1977, 06, BAI, 226
1977, 06, PLI, 805
1977, 06, PAE, 833
1977, 06, FEI, 855
1977, 06, ADC, 938
1977, 06, ADEC, 1099
1977, 06, CIPYE, 1480
1977, 06, CUIR, 1504
1977, 06, AEICYU, 1623
1977, 06, PRSV, 2345
1977, 06, FL, 2631
1977, 06, UDIB, 2946
1977, 06, PDG, 3196
1977, 06, PSDE, 3786
1977, 06, ICU, 4118
1977, 06, INDEP, 4530
1977, 06, PPROV, 4590
1977, 06, FAA, 4791
1977, 06, PIM, 4814
1977, 06, PSCAN, 5110
1977, 06, CUP, 5206
1977, 06, FN, 5541
1977, 06, DCAR, 6014
1977, 06, ANV, 6435
1977, 06, CJA, 8184
1977, 06, ASA, 8439
1977, 06, MFA, 8461
1977, 06, MSA, 8741
1977, 06, DSCC, 9157
1977, 06, PPCAN, 9650
1977, 06, FNI, 10606
1977, 06, URAS, 10821
1977, 06, CCIA, 11879
1977, 06, UAB, 11914
1977, 06, CUPS, 12040
1977, 06, DIV, 15505
1977, 06, PCU, 17717
1977, 06, UAN, 18079
1977, 06, ANEPA-CP, 18113
1977, 06, LLIGA, 20109
1977, 06, PSOE-H, 21242
1977, 06, URA, 21350
1977, 06, AFN, 21900
1977, 06, BNPG, 22771
1977, 06, UNAI, 24489
1977, 06, FJONS, 25017
1977, 06, DCV, 26100
1977, 06, PSG, 27197
1977, 06, PSPV, 31138
1977, 06, ESB, 36002
1977, 06, CAIC, 37183
1977, 06, FUT, 41208
1977, 06, FJONSA, 46548
1977, 06, EE, 61417
1977, 06, RSE, 64241
1977, 06, AN18, 67336
1977, 06, AET, 77575
1977, 06, ASDCI, 101916
1977, 06, FDI, 122608
1977, 06, EC-FED, 143954
1977, 06, UDC-IDCC, 172791
1977, 06, FDC-EDC, 215841
1977, 06, PNV, 296193
1977, 06, PDPC, 514647
1977, 06, PSP-US, 816582
1977, 06, GU, 1504771
1977, 06, PSUC-PCE, 1709890
1977, 06, PSOE, 5371866
1977, 06, UCD, 6310391
1979, 03, FE-UF, 876
1979, 03, UF-FI-AT, 1188
1979, 03, CIME, 1820
1979, 03, POC, 2314
1979, 03, PIPPA, 2409
1979, 03, FEA, 2736
1979, 03, CNA, 3049
1979, 03, LC, 3614
1979, 03, IRA-ARDE, 4826
1979, 03, PPROV, 4939
1979, 03, DSCC, 4976
1979, 03, CIC, 6115
1979, 03, P-CANT, 6290
1979, 03, E CATALA, 6328
1979, 03, ULE, 7126
1979, 03, PSIN, 9777
1979, 03, SMIM, 10022
1979, 03, PDPCAN, 10099
1979, 03, PRE, 10324
1979, 03, UNAI, 10970
1979, 03, PNPV, 13828
1979, 03, URV, 15694
1979, 03, PLIB, 15774
1979, 03, PANCAL, 16016
1979, 03, PSAR - PSDA, 19220
1979, 03, UPN, 28248
1979, 03, FJONSA, 30252
1979, 03, UFV, 34108
1979, 03, LCR, 36662
1979, 03, PAR, 38042
1979, 03, PCT, 47896
1979, 03, UCE, 47937
1979, 03, PCARL, 50552
1979, 03, IR-E, 55384
1979, 03, PG-POG-PSG, 55555
1979, 03, BEAN, 56582
1979, 03, C-UPC, 58953
1979, 03, BNPG, 60889
1979, 03, MCPV-OIC, 84856
1979, 03, EE, 85677
1979, 03, ERFN, 123452
1979, 03, ORT, 127517
1979, 03, PSOE-H, 133869
1979, 03, HB, 172110
1979, 03, PTE, 192798
1979, 03, PNV, 296597
1979, 03, PSA-PA, 325842
1979, 03, UN, 378964
1979, 03, CIU, 483353
1979, 03, PSUC-PCE, 1938487
1979, 03, PSOE, 5469813
1979, 03, UCD, 6268593
1982, 10, CIR, 0
1982, 10, PCU, 0
1982, 10, BIA, 0
1982, 10, EM, 0
1982, 10, PP, 168
1982, 10, PAE, 222
1982, 10, PC, 224
1982, 10, FA, 532
1982, 10, IR, 610
1982, 10, ASDC, 1131
1982, 10, PDB, 1454
1982, 10, MCRM, 1515
1982, 10, M.CAT.E, 1694
1982, 10, ACI, 1710
1982, 10, FE-I, 1862
1982, 10, PRE, 1984
1982, 10, IDG, 2236
1982, 10, PADL, 2493
1982, 10, FE-JONS, 2528
1982, 10, PREPAL, 3234
1982, 10, PNC, 3257
1982, 10, FIC, 3772
1982, 10, CE-FCC, 4900
1982, 10, LC (COSI), 5462
1982, 10, AEGI, 5512
1982, 10, PS, 6375
1982, 10, ENV-URV, 6738
1982, 10, PSA, 6861
1982, 10, PSM, 8633
1982, 10, AEBA, 8748
1982, 10, UFM-MFE, 8976
1982, 10, EUPV, 9302
1982, 10, CUC, 15632
1982, 10, UPV, 18516
1982, 10, AC-CC, 18757
1982, 10, EG, 22192
1982, 10, PCE (M-L), 23186
1982, 10, UCE, 24044
1982, 10, CC, 25792
1982, 10, PCOE, 25830
1982, 10, EU, 26148
1982, 10, SE, 28451
1982, 10, NE, 30643
1982, 10, UPC, 35013
1982, 10, B-PSG, 38437
1982, 10, PCC, 47249
1982, 10, PSA-PA, 84474
1982, 10, EE, 100326
1982, 10, PST, 103133
1982, 10, FN, 108746
1982, 10, ERC, 138118
1982, 10, HB, 210601
1982, 10, EAJ-PNV, 395656
1982, 10, CDS, 604309
1982, 10, CIU, 772726
1982, 10, PSUC, 846515
1982, 10, UCD, 1425093
1982, 10, UPN-AP-PDP, 5548107
1982, 10, PSOE, 10127392
1986, 06, LKI, 0
1986, 06, EMK, 0
1986, 06, PAEC, 254
1986, 06, AE-AIC, 601
1986, 06, PROV, 756
1986, 06, CA, 758
1986, 06, PANCAL, 1047
1986, 06, PED, 1169
1986, 06, PRM, 1401
1986, 06, CN, 1886
1986, 06, PMCN, 1932
1986, 06, LOC, 1952
1986, 06, ENV-URV, 2116
1986, 06, PREPAL, 2449
1986, 06, CL, 2520
1986, 06, ADEI, 3857
1986, 06, PSDC, 4885
1986, 06, PORE, 5126
1986, 06, CUN, 5209
1986, 06, PSM-EN, 7539
1986, 06, PSPA, 14999
1986, 06, EU, 16091
1986, 06, POSI, 21853
1986, 06, BNG, 27049
1986, 06, UPR, 27473
1986, 06, VERDE, 28318
1986, 06, AV, 29567
1986, 06, LV, 31909
1986, 06, AC-INC, 36892
1986, 06, UPV, 40264
1986, 06, UCE, 42451
1986, 06, FE-JONS, 43449
1986, 06, PSG-EG, 45574
1986, 06, PCC, 57107
1986, 06, UV, 64403
1986, 06, AIC, 65664
1986, 06, PAR, 73004
1986, 06, PST, 77914
1986, 06, CG, 79972
1986, 06, ERC, 84628
1986, 06, PA, 94008
1986, 06, EE, 107053
1986, 06, PRD, 194538
1986, 06, PCE-EPK, 229695
1986, 06, HB, 231722
1986, 06, EAJ-PNV, 309610
1986, 06, PSUC-ENE, 935504
1986, 06, CIU, 1014258
1986, 06, CDS, 1861912
1986, 06, AP-PL-UPN, 5247677
1986, 06, PSOE, 8901718
1987, 06, PPLM, 165
1987, 06, PNEM, 169
1987, 06, UPGO, 207
1987, 06, UDC, 221
1987, 06, PSAN, 228
1987, 06, PSDV, 252
1987, 06, TAGOROR, 279
1987, 06, ALCI-I, 397
1987, 06, PNA, 522
1987, 06, ARDE, 529
1987, 06, PSDC-EC, 566
1987, 06, PUIECB, 600
1987, 06, PNC, 701
1987, 06, PCA, 727
1987, 06, CSI, 745
1987, 06, PRMA, 750
1987, 06, LCR, 757
1987, 06, AWAÑAC, 761
1987, 06, P.PIRINEU, 803
1987, 06, PRE, 887
1987, 06, PRMU, 974
1987, 06, AMO-ULE, 983
1987, 06, FI, 1030
1987, 06, UPI, 1082
1987, 06, IUPC, 1090
1987, 06, UA-PNA, 1128
1987, 06, ADEIS, 1266
1987, 06, PREPAL, 1319
1987, 06, UNI, 1418
1987, 06, AHI, 1441
1987, 06, UC, 1717
1987, 06, IF, 1900
1987, 06, B, 2162
1987, 06, LOC, 2257
1987, 06, CGI, 2494
1987, 06, JJ.EE., 2526
1987, 06, PSPC, 2557
1987, 06, UPM, 2622
1987, 06, CDS-AGI, 2691
1987, 06, AIL, 2713
1987, 06, PAS, 3077
1987, 06, MCE, 3113
1987, 06, PGIS, 3152
1987, 06, UA-CH.A, 3172
1987, 06, PEC-V, 3229
1987, 06, CP, 3234
1987, 06, AIAM, 3381
1987, 06, VERDE, 3457
1987, 06, PSM-EU, 3640
1987, 06, UNLE, 3704
1987, 06, PGN, 4176
1987, 06, UPG, 4363
1987, 06, CEU, 4398
1987, 06, AIGRANC, 4557
1987, 06, PB, 4726
1987, 06, PDB, 5118
1987, 06, AM, 5336
1987, 06, AIDA, 5383
1987, 06, UIPM, 5492
1987, 06, ADEI-O, 5647
1987, 06, UPR, 6054
1987, 06, AV-MEC, 6150
1987, 06, PPCG, 6186
1987, 06, UDPM, 6885
1987, 06, PRP, 7125
1987, 06, CNC, 7331
1987, 06, PSI, 7494
1987, 06, PED, 9146
1987, 06, CEV, 9352
1987, 06, IPN, 9629
1987, 06, UCC, 9834
1987, 06, LA, 9881
1987, 06, API, 11356
1987, 06, OIV, 11385
1987, 06, PSM-EN, 11674
1987, 06, PMO, 11877
1987, 06, PL, 12582
1987, 06, PANCAL, 12616
1987, 06, PRC, 14553
1987, 06, PCV, 14749
1987, 06, PNG, 18354
1987, 06, UM, 19066
1987, 06, UCE, 21482
1987, 06, PH, 22333
1987, 06, FE-JONS, 23407
1987, 06, CSD, 25058
1987, 06, POSI, 25270
1987, 06, PCAN, 26343
1987, 06, UPV, 30018
1987, 06, ANEMYA, 30143
1987, 06, PORE, 30157
1987, 06, IG, 33032
1987, 06, EU, 39369
1987, 06, AC-INC, 41390
1987, 06, UPN, 43818
1987, 06, BNG, 53116
1987, 06, PSG-EG, 57062
1987, 06, CV, 65574
1987, 06, SI, 72661
1987, 06, ERC, 75422
1987, 06, PST, 77132
1987, 06, AIC, 96895
1987, 06, PAR, 105865
1987, 06, EE, 107354
1987, 06, LV, 107625
1987, 06, AP-PL, 108346
1987, 06, AS, 116761
1987, 06, ATI, 119943
1987, 06, FN, 122799
1987, 06, IU-UPV, 131942
1987, 06, UV, 162128
1987, 06, PDP, 170866
1987, 06, PTC-UC, 185104
1987, 06, PA, 185550
1987, 06, EA, 207054
1987, 06, PTE-UC, 222680
1987, 06, PNV-PG-N, 226570
1987, 06, EAJ-PNV, 241832
1987, 06, PSG-EG(CIP), 261328
1987, 06, PDP-PL, 319519
1987, 06, PNG-EA-ERC, 326911
1987, 06, HB, 360952
1987, 06, IND-1 43162, 714632
1987, 06, CIU, 853603
1987, 06, IU (IPE), 1011830
1987, 06, CDS, 1976093
1987, 06, AP-CCG, 3972359
1987, 06, AP, 4747283
1987, 06, PSN-PSOE, 7229782
1987, 06, PSC-PSOE, 7522706
1989, 06, BACTERIA, 0
1989, 06, P.CAR., 8477
1989, 06, IDE, 8789
1989, 06, LA, 9421
1989, 06, PED, 10392
1989, 06, UNA, 13165
1989, 06, AR, 17189
1989, 06, PH, 19356
1989, 06, C.LL., 19774
1989, 06, FE-JONS, 24340
1989, 06, EPV, 30252
1989, 06, PST-PORE, 38683
1989, 06, BNG, 46052
1989, 06, AV-MEC, 47250
1989, 06, CSD, 52577
1989, 06, VERDE, 58686
1989, 06, FN, 60672
1989, 06, PCPE.PCC, 79970
1989, 06, UPM/FPR, 151835
1989, 06, LVE, 161903
1989, 06, LB, 164524
1989, 06, PTE-UC, 197095
1989, 06, EA, 238909
1989, 06, HB, 269094
1989, 06, UPV/EP, 290286
1989, 06, PA, 295047
1989, 06, EAJ-PNV, 303038
1989, 06, RUIZ-MATEOS, 608560
1989, 06, CIU, 666602
1989, 06, IU-EU, 961742
1989, 06, CDS, 1133429
1989, 06, PP, 3395015
1989, 06, PSC-PSOE, 6275552
1989, 10, PCE/(M.L.), 0
1989, 10, LKI-EMK, 0
1989, 10, P.PR., 245
1989, 10, PNEM, 301
1989, 10, PRB, 398
1989, 10, PRGU, 426
1989, 10, TAGOROR, 472
1989, 10, FE (I), 827
1989, 10, R. X C., 904
1989, 10, PEE-(LV), 931
1989, 10, ARDE, 975
1989, 10, COA, 1041
1989, 10, PANCAL, 1199
1989, 10, ACI, 1359
1989, 10, MV, 1368
1989, 10, SEV, 1411
1989, 10, CEU, 2760
1989, 10, UB, 2883
1989, 10, PREPAL, 2962
1989, 10, ENV-URV, 2988
1989, 10, UA-CH.A, 3156
1989, 10, UNA, 3218
1989, 10, GRM, 3330
1989, 10, PAM, 3396
1989, 10, FPG, 3657
1989, 10, PED, 4942
1989, 10, PAS, 5414
1989, 10, IGC, 6371
1989, 10, PORE., 7906
1989, 10, PSM-ENE, 7989
1989, 10, EX.U., 10984
1989, 10, AR, 12807
1989, 10, PNG-PG, 14411
1989, 10, PHA, 15936
1989, 10, CSD Y L, 17095
1989, 10, VERDE., 21235
1989, 10, ACN, 21539
1989, 10, FE-JONS, 24025
1989, 10, AV-MEC, 25978
1989, 10, PSG-EG, 34131
1989, 10, UPV, 40767
1989, 10, CG, 45821
1989, 10, BNG, 47763
1989, 10, PCPE., 62664
1989, 10, AIC, 64767
1989, 10, PAR, 71733
1989, 10, PST., 81218
1989, 10, ERC, 84756
1989, 10, PTE/UC, 86257
1989, 10, EE, 105238
1989, 10, EVE., 136335
1989, 10, EA, 136955
1989, 10, UV, 144924
1989, 10, LV., 157103
1989, 10, PA, 212687
1989, 10, HB, 217278
1989, 10, RUIZ-MATEOS, 219883
1989, 10, EAJ-PNV, 254681
1989, 10, CIU, 1032243
1989, 10, C.D.S., 1617716
1989, 10, EU, 1858588
1989, 10, PP-C DE G, 5285972
1989, 10, PSOE., 8115568
1991, 05, SODE-CM, 61
1991, 05, PCOC, 123
1991, 05, MFE, 228
1991, 05, PH, 233
1991, 05, INCE, 239
1991, 05, VS, 249
1991, 05, PUI., 253
1991, 05, LCR, 254
1991, 05, PUI, 273
1991, 05, AA, 291
1991, 05, IG, 295
1991, 05, PRCM, 298
1991, 05, APU, 298
1991, 05, PAG, 300
1991, 05, PCM-PM, 305
1991, 05, PANCAL, 307
1991, 05, CPC, 352
1991, 05, UCC-PED, 384
1991, 05, MCG, 401
1991, 05, CISN, 431
1991, 05, JV, 445
1991, 05, EA-EE, 445
1991, 05, DU, 469
1991, 05, UP. DE M., 494
1991, 05, PRB, 499
1991, 05, PNC, 503
1991, 05, EG, 544
1991, 05, MCE, 584
1991, 05, FE (I), 605
1991, 05, PSI, 625
1991, 05, PUR, 627
1991, 05, TAGOROR, 630
1991, 05, OM, 632
1991, 05, CP, 637
1991, 05, UC, 642
1991, 05, ARU, 656
1991, 05, AIS, 694
1991, 05, GIF, 705
1991, 05, MAS, 716
1991, 05, UPLTA, 772
1991, 05, UMS, 780
1991, 05, PEC-VERDE, 781
1991, 05, LG, 794
1991, 05, P.I., 845
1991, 05, AIDA, 902
1991, 05, OS, 907
1991, 05, PASE, 919
1991, 05, NA, 961
1991, 05, PVE, 984
1991, 05, FN, 995
1991, 05, VG, 1000
1991, 05, PRGU, 1029
1991, 05, AIGRANC, 1055
1991, 05, ALICANTON, 1069
1991, 05, ENE, 1071
1991, 05, HT, 1077
1991, 05, UA-PNA, 1091
1991, 05, AMD, 1137
1991, 05, ARDE, 1153
1991, 05, IPT, 1161
1991, 05, PAI, 1181
1991, 05, UNV, 1215
1991, 05, P/CARLISTA, 1218
1991, 05, PE, 1252
1991, 05, CA, 1305
1991, 05, PRSV, 1316
1991, 05, ADEI-O, 1320
1991, 05, PNG-PG, 1333
1991, 05, PDP, 1343
1991, 05, CIR, 1371
1991, 05, AHI, 1452
1991, 05, TC, 1473
1991, 05, PREPAL, 1511
1991, 05, LKI-EMK, 1546
1991, 05, CLL, 1546
1991, 05, PREC, 1624
1991, 05, PTGC, 1652
1991, 05, UPM, 1659
1991, 05, LVA-UV, 1679
1991, 05, PRM, 1772
1991, 05, AAVV-C, 1777
1991, 05, PNM, 1780
1991, 05, ARCOIRIS, 1786
1991, 05, UNAL, 1898
1991, 05, CCI, 1955
1991, 05, PORE, 1960
1991, 05, FIEF, 2048
1991, 05, PSPC, 2065
1991, 05, PSI., 2230
1991, 05, EHB, 2346
1991, 05, CI, 2452
1991, 05, CEU, 2501
1991, 05, UP., 2547
1991, 05, CUP, 2664
1991, 05, PI, 2702
1991, 05, FPG, 2708
1991, 05, AR, 2765
1991, 05, AV-MEC, 2802
1991, 05, PPCG, 2830
1991, 05, ASI, 2910
1991, 05, CONCEYU, 3231
1991, 05, PG, 3440
1991, 05, EEM, 3606
1991, 05, UNIC, 3663
1991, 05, B, 3889
1991, 05, IB, 4044
1991, 05, PB., 4363
1991, 05, PB, 4595
1991, 05, PIAP, 4723
1991, 05, EC, 4919
1991, 05, PAM, 4920
1991, 05, OIV, 4935
1991, 05, AM, 4959
1991, 05, DRCL, 4986
1991, 05, ACTAL, 4998
1991, 05, UPAN, 5390
1991, 05, AIPN, 5497
1991, 05, PVN, 5545
1991, 05, CB, 5630
1991, 05, P.N.C., 5737
1991, 05, UPI, 6181
1991, 05, APP, 6234
1991, 05, PCPE, 6488
1991, 05, PEC, 6813
1991, 05, APB, 6944
1991, 05, IPMO, 7146
1991, 05, PREX, 7440
1991, 05, EV, 7813
1991, 05, PRIM, 7990
1991, 05, UVE, 8264
1991, 05, E.U., 8392
1991, 05, PR, 8461
1991, 05, LE, 8495
1991, 05, DS, 8747
1991, 05, UG, 9333
1991, 05, PEC-PCC, 9468
1991, 05, P.M, 9526
1991, 05, UPL, 9595
1991, 05, UIM-IM, 10159
1991, 05, CHA, 10196
1991, 05, FE-JONS, 10829
1991, 05, PAS-UNA, 10891
1991, 05, PST, 11366
1991, 05, PCC, 14521
1991, 05, LVLE-H, 16408
1991, 05, PRC, 18966
1991, 05, PSM, 20981
1991, 05, UA, 21269
1991, 05, SI, 21951
1991, 05, RUIZ-MATEOS, 23404
1991, 05, ACN, 26188
1991, 05, PSG-EG, 39116
1991, 05, CNG, 52196
1991, 05, UPV, 54951
1991, 05, UPN, 68682
1991, 05, EE, 71382
1991, 05, UPCA, 71683
1991, 05, LV, 73548
1991, 05, ERC, 92003
1991, 05, BNG, 107932
1991, 05, PAR, 128025
1991, 05, EA, 131384
1991, 05, AIC, 140462
1991, 05, U.V., 187385
1991, 05, HB, 199090
1991, 05, EAJ-PNV, 299840
1991, 05, PA, 342927
1991, 05, CDS, 731331
1991, 05, AEI, 777488
1991, 05, CIU, 915291
1991, 05, IU, 1579097
1991, 05, PP, 4775051
1991, 05, PSOE, 7224242
1993, 06, UCE, 0
1993, 06, CCL, 0
1993, 06, PED, 0
1993, 06, FREIXES, 0
1993, 06, INCE, 42
1993, 06, PANCAL, 70
1993, 06, US, 98
1993, 06, MCES, 244
1993, 06, PRGU, 267
1993, 06, P. TAGOROR, 278
1993, 06, PRB, 282
1993, 06, IF, 303
1993, 06, PNC, 383
1993, 06, LG, 385
1993, 06, PITRCG, 408
1993, 06, ABE, 416
1993, 06, PIAP, 466
1993, 06, CONCEYU, 528
1993, 06, OS, 540
1993, 06, UDLA, 594
1993, 06, FPE, 641
1993, 06, UNI.D.A, 715
1993, 06, FE (A), 747
1993, 06, AA, 787
1993, 06, UC, 949
1993, 06, AIGRANC, 1009
1993, 06, PSPC, 1155
1993, 06, ATF, 1159
1993, 06, MCE, 1178
1993, 06, PREPAL, 1193
1993, 06, PCV, 1300
1993, 06, PVPA, 1375
1993, 06, ARCOIRIS, 1407
1993, 06, APP, 1410
1993, 06, FE (I), 1415
1993, 06, ENV, 1517
1993, 06, ACI, 1644
1993, 06, PRIM, 1917
1993, 06, ECO-VERDE, 1959
1993, 06, PREX, 2086
1993, 06, PB, 2681
1993, 06, URCL, 2715
1993, 06, ARDE, 3063
1993, 06, AG, 3286
1993, 06, TC-PNC, 4647
1993, 06, CNG, 4663
1993, 06, CHA, 6344
1993, 06, P. RIOJANO, 7532
1993, 06, NPS, 7991
1993, 06, FE-JONS, 8000
1993, 06, POR, 8667
1993, 06, HUMANISTA, 8834
1993, 06, PEC-VERDE, 9249
1993, 06, UMMP, 10053
1993, 06, PCPG, 10233
1993, 06, E U, 10653
1993, 06, PAS, 11088
1993, 06, PLN, 11392
1993, 06, UPL, 13097
1993, 06, PGC, 15246
1993, 06, GIL, 16452
1993, 06, UA, 16623
1993, 06, PRC, 18608
1993, 06, PSM-ENE, 20118
1993, 06, UPCA, 27005
1993, 06, PST, 30068
1993, 06, UPV, 41052
1993, 06, PAP, 43169
1993, 06, ARM, 54518
1993, 06, ECOLOGISTAS, 68851
1993, 06, PA, 96513
1993, 06, UV, 112341
1993, 06, BNG, 126965
1993, 06, EA-EUE, 129293
1993, 06, PAR, 144544
1993, 06, VERDES, 185940
1993, 06, ERC, 189632
1993, 06, HB, 206876
1993, 06, CC, 207077
1993, 06, EAJ-PNV, 291448
1993, 06, CDS, 414740
1993, 06, CIU, 1165783
1993, 06, IU, 2253722
1993, 06, PP, 8201463
1993, 06, PSE-EE/PSOE, 9150083
1994, 06, PNC, 0
1994, 06, LVRM, 0
1994, 06, PIL, 0
1994, 06, GPOR-PST, 3765
1994, 06, AG, 4431
1994, 06, PCAR, 4640
1994, 06, ADN, 4689
1994, 06, PREX, 4836
1994, 06, JYB, 4992
1994, 06, CTC, 5226
1994, 06, FEI, 5602
1994, 06, PREPAL, 6197
1994, 06, CNPS, 7349
1994, 06, PH, 7499
1994, 06, PLN, 7845
1994, 06, URCL, 10019
1994, 06, FE-JONS, 11733
1994, 06, EU, 13580
1994, 06, PAS, 14846
1994, 06, POR, 16144
1994, 06, CPNT, 29025
1994, 06, PCPE, 29692
1994, 06, CEC, 42237
1994, 06, RUIZ-MATEOS, 82410
1994, 06, GV, 109567
1994, 06, BNG, 139221
1994, 06, PA-PAP, 140445
1994, 06, HB, 180324
1994, 06, FORO Y CDS, 183418
1994, 06, ENE-ERC, 239339
1994, 06, UM, 518532
1994, 06, PSM-NM-CIU, 865913
1994, 06, IU-EBN, 2497671
1994, 06, PSC-PSOE, 5719707
1994, 06, PP, 7453900
1995, 05, PRB, 49
1995, 05, UC, 73
1995, 05, UPF, 128
1995, 05, ZUTIK, 155
1995, 05, PNC, 161
1995, 05, EKA, 162
1995, 05, HH, 187
1995, 05, PCOC, 199
1995, 05, LAE, 221
1995, 05, AEPR, 224
1995, 05, AIG, 234
1995, 05, PCS, 237
1995, 05, US, 288
1995, 05, FPG, 307
1995, 05, AMD, 330
1995, 05, APIL, 363
1995, 05, FIEX, 367
1995, 05, PUI, 371
1995, 05, AI-LV, 379
1995, 05, ACON, 384
1995, 05, CP, 407
1995, 05, PIZ, 430
1995, 05, LG, 436
1995, 05, IZEGZAWEN, 501
1995, 05, UP, 507
1995, 05, AFIT, 508
1995, 05, UAD, 529
1995, 05, CLL, 549
1995, 05, ENV, 553
1995, 05, PREC, 561
1995, 05, AE, 582
1995, 05, AL, 591
1995, 05, PPGA, 600
1995, 05, FE-I, 701
1995, 05, FIEF, 713
1995, 05, CISN, 724
1995, 05, BD, 729
1995, 05, AVEMA, 736
1995, 05, UDL, 753
1995, 05, AMA, 767
1995, 05, UDA, 776
1995, 05, UPB, 819
1995, 05, CR-CA, 838
1995, 05, PRGU, 904
1995, 05, NR, 906
1995, 05, HT, 930
1995, 05, UIG, 941
1995, 05, PIAP, 959
1995, 05, CPV, 961
1995, 05, AR, 1007
1995, 05, PNM, 1008
1995, 05, PPP, 1061
1995, 05, PEPC, 1067
1995, 05, CEM, 1111
1995, 05, OS, 1145
1995, 05, UA-PNA, 1202
1995, 05, PPB, 1213
1995, 05, AU, 1256
1995, 05, FREPIC, 1292
1995, 05, PMR, 1350
1995, 05, PDSC, 1449
1995, 05, CEAIV-UPRA, 1521
1995, 05, CDA-PNA, 1537
1995, 05, PRT, 1577
1995, 05, CB, 1613
1995, 05, AA, 1630
1995, 05, INME, 1641
1995, 05, PIDM, 1644
1995, 05, PB, 1647
1995, 05, MV-NPS, 1686
1995, 05, AHI, 1724
1995, 05, PDIP, 1731
1995, 05, IN, 1820
1995, 05, CLC, 1827
1995, 05, PRA, 1856
1995, 05, AG, 1966
1995, 05, ASI, 1986
1995, 05, URI, 2028
1995, 05, ATF, 2057
1995, 05, EIO, 2091
1995, 05, CG, 2161
1995, 05, ICS, 2198
1995, 05, CI, 2199
1995, 05, RV, 2248
1995, 05, PSPC, 2307
1995, 05, POR, 2328
1995, 05, LA, 2497
1995, 05, UPM, 2605
1995, 05, CONCEYU, 2614
1995, 05, AI, 2891
1995, 05, IGC, 3282
1995, 05, PREPAL, 3446
1995, 05, IDBM, 3487
1995, 05, PC, 3516
1995, 05, INCA, 3683
1995, 05, ACTAL, 4058
1995, 05, CM, 4072
1995, 05, CEU, 4171
1995, 05, APP, 4184
1995, 05, UDI, 4277
1995, 05, OIV, 4291
1995, 05, AEC-EVE, 4330
1995, 05, UPAN, 4479
1995, 05, TC-PNC, 4542
1995, 05, PCPC, 4633
1995, 05, PH, 4677
1995, 05, IPL, 4943
1995, 05, PRCM, 4974
1995, 05, PRIM, 5061
1995, 05, AIPN, 5306
1995, 05, BATZARRE, 5462
1995, 05, PUL, 5523
1995, 05, CEDI, 5616
1995, 05, PFC, 5778
1995, 05, IPMO, 5921
1995, 05, AV, 5956
1995, 05, FE-JONS, 6947
1995, 05, LVA, 7189
1995, 05, PSI, 8067
1995, 05, SIEX, 9361
1995, 05, CNG, 9390
1995, 05, URCL, 10004
1995, 05, SI, 10310
1995, 05, AIAV, 10547
1995, 05, CCN, 10915
1995, 05, CGC, 10970
1995, 05, PR, 11842
1995, 05, FADI, 12964
1995, 05, PAS, 13414
1995, 05, EVIB, 13490
1995, 05, UIM-UM, 18713
1995, 05, GVB-FIC, 19308
1995, 05, ICAN, 21140
1995, 05, UA, 21562
1995, 05, LV-GV, 23415
1995, 05, CDN, 24186
1995, 05, PIL, 26956
1995, 05, CHA, 27648
1995, 05, EU, 28060
1995, 05, ICV-GORORDO, 32129
1995, 05, PRC, 33221
1995, 05, UPL, 34715
1995, 05, GIL, 36438
1995, 05, ENE, 39582
1995, 05, UPCA, 41628
1995, 05, CDS, 63457
1995, 05, PIE, 79338
1995, 05, UPV-BN, 84462
1995, 05, PAP, 86895
1995, 05, PAR, 116447
1995, 05, UV-CCV, 129759
1995, 05, EA, 133576
1995, 05, HB, 184742
1995, 05, ERC, 204095
1995, 05, BNG, 208098
1995, 05, CC-API, 211882
1995, 05, PA, 260249
1995, 05, NA, 313318
1995, 05, CIE, 729037
1995, 05, CIU, 973498
1995, 05, I-EV-CUP, 2589780
1995, 05, PSOE, 6838607
1995, 05, PP, 7820392
1996, 03, POR, 0
1996, 03, AFIT, 0
1996, 03, CCV, 0
1996, 03, PAE, 0
1996, 03, PNM, 200
1996, 03, PIZ, 215
1996, 03, LG, 243
1996, 03, DSA, 265
1996, 03, LAE, 296
1996, 03, PRGU, 338
1996, 03, ABA, 379
1996, 03, ALAS, 402
1996, 03, N, 495
1996, 03, VDPA, 529
1996, 03, ADEC, 598
1996, 03, UAD, 627
1996, 03, UPRA, 651
1996, 03, PCN, 722
1996, 03, PB, 1000
1996, 03, ENV, 1023
1996, 03, PICC, 1229
1996, 03, AR, 1237
1996, 03, NR, 1452
1996, 03, FEI, 1550
1996, 03, PRV, 1656
1996, 03, PRIM, 1671
1996, 03, SIEX, 1678
1996, 03, FPG, 2065
1996, 03, PRCM, 2279
1996, 03, PSPC, 2365
1996, 03, FREPIC, 2567
1996, 03, CR, 2744
1996, 03, SOS, 2753
1996, 03, PREPAL, 2762
1996, 03, AUN, 3397
1996, 03, NA, 3505
1996, 03, URCL, 4061
1996, 03, PEC, 4305
1996, 03, P.RIOJANO, 6065
1996, 03, TC-PNC, 6206
1996, 03, UM, 6943
1996, 03, CEX, 7312
1996, 03, LV, 8483
1996, 03, ICV-GORORDO, 11833
1996, 03, UPL, 12049
1996, 03, FEA, 12114
1996, 03, PAS, 12213
1996, 03, PH, 13482
1996, 03, PCPE, 14513
1996, 03, PRT, 14854
1996, 03, CDN, 17020
1996, 03, LV-GV, 17177
1996, 03, PSM-ENE, 24644
1996, 03, UPV-BN, 26777
1996, 03, UC, 44771
1996, 03, CHA, 49739
1996, 03, VG, 61689
1996, 03, UV, 91575
1996, 03, EA, 115861
1996, 03, PA, 134800
1996, 03, ERC, 167641
1996, 03, HB, 181304
1996, 03, BNG, 220147
1996, 03, CC, 220418
1996, 03, EAJ-PNV, 318951
1996, 03, CIU, 1151633
1996, 03, IULV-CA, 2639774
1996, 03, PSOE, 9425678
1996, 03, UPN-PP, 9716006
1999, 06, DM, 5664
1999, 06, PREPAL, 6977
1999, 06, PREX-CREX, 7230
1999, 06, UDR, 7251
1999, 06, AA, 7321
1999, 06, DN, 8053
1999, 06, ACV, 8073
1999, 06, PAE-I, 8394
1999, 06, PLN, 8671
1999, 06, A, 8750
1999, 06, PR, 9669
1999, 06, URCL, 9950
1999, 06, SIEX, 10040
1999, 06, FE, 10792
1999, 06, PH, 12415
1999, 06, AUN, 12486
1999, 06, TC-PNC, 13267
1999, 06, FEI, 13940
1999, 06, PAS, 15299
1999, 06, EU, 15716
1999, 06, PADE, 16001
1999, 06, INDEP, 17544
1999, 06, URAS, 22400
1999, 06, FIC, 22597
1999, 06, UM, 24501
1999, 06, PCPE, 26189
1999, 06, COFEM-FEMEK, 28901
1999, 06, UPL, 33604
1999, 06, UC-CDS, 38911
1999, 06, PSM-EN, 41181
1999, 06, EA, 41358
1999, 06, PRC, 49898
1999, 06, CHA, 54614
1999, 06, CDS-UC, 62964
1999, 06, PAR, 87493
1999, 06, GIL, 87743
1999, 06, EAJ-PNV, 97180
1999, 06, UV, 108639
1999, 06, BLOC-VERDS, 111759
1999, 06, OV-GV, 138835
1999, 06, ERC-AM, 225576
1999, 06, IC-V-EPM, 230015
1999, 06, CC, 267773
1999, 06, IPC-VERDES, 300874
1999, 06, EH, 306923
1999, 06, BNG, 349079
1999, 06, PA, 355684
1999, 06, EAJ-PNV/EA, 613968
1999, 06, CC (CE), 677094
1999, 06, BNV-CIU, 937687
1999, 06, IU/EBN, 1221566
1999, 06, RESTO, 1267420
1999, 06, IU, 1387900
1999, 06, PSOE, 7296484
1999, 06, PSC-PSOE, 7477823
1999, 06, PP, 8410993
2000, 03, EH, 0
2000, 03, AN, 60
2000, 03, PDEP, 85
2000, 03, MASH, 121
2000, 03, CIVES, 206
2000, 03, UN, 314
2000, 03, TPC, 319
2000, 03, PRIB, 334
2000, 03, ALAS, 339
2000, 03, FN, 343
2000, 03, UNIB, 388
2000, 03, PRGU, 400
2000, 03, II, 425
2000, 03, VDPA, 493
2000, 03, UPB, 524
2000, 03, PPCR, 546
2000, 03, NR, 598
2000, 03, PF, 609
2000, 03, CCS, 645
2000, 03, CSD-L, 650
2000, 03, N, 710
2000, 03, PSPC, 788
2000, 03, URAL, 838
2000, 03, ENV, 920
2000, 03, UP-CAN, 980
2000, 03, INAR, 1057
2000, 03, BIA, 1085
2000, 03, PB, 1191
2000, 03, PNCA, 1331
2000, 03, PRIM, 1363
2000, 03, SIEX, 1412
2000, 03, USI, 1416
2000, 03, PAE, 1462
2000, 03, IR-PRE, 1541
2000, 03, PAVIEL, 1690
2000, 03, LI (LIT-CI), 1716
2000, 03, PEDA, 1904
2000, 03, AA, 2036
2000, 03, CNC, 2103
2000, 03, PREPAL, 2118
2000, 03, PC, 2131
2000, 03, FPG, 2252
2000, 03, UPZ, 2347
2000, 03, CG, 2361
2000, 03, PREX-CREX, 2371
2000, 03, EL-PAPI, 2713
2000, 03, A, 2727
2000, 03, PKD, 2759
2000, 03, AR, 2858
2000, 03, DG, 2958
2000, 03, NA, 3262
2000, 03, EC, 3356
2000, 03, PCL, 4184
2000, 03, AU.TO.NO.MO, 4218
2000, 03, EU, 4771
2000, 03, URCL, 5683
2000, 03, PAS, 5876
2000, 03, P.RIOJANO, 6155
2000, 03, BLM, 6514
2000, 03, FEI-FE 2000, 6621
2000, 03, IAN, 8175
2000, 03, UM-INME, 8372
2000, 03, CDN, 8646
2000, 03, PADE, 9136
2000, 03, PLAT. ES., 9562
2000, 03, PIL, 10323
2000, 03, EV-AV, 11579
2000, 03, TD, 12208
2000, 03, PCPE, 12898
2000, 03, URAS, 13360
2000, 03, LA FALANGE, 14431
2000, 03, PLN, 17372
2000, 03, TC-PNC, 18290
2000, 03, PH, 19683
2000, 03, LV-GV, 20618
2000, 03, LV-CM, 21087
2000, 03, LVE, 22220
2000, 03, PSM-EN, 23482
2000, 03, CDS-UC, 23576
2000, 03, PAR, 38883
2000, 03, UPL, 41690
2000, 03, UV, 57830
2000, 03, BLOC-VERDS, 58551
2000, 03, LV, 70906
2000, 03, GIL, 72162
2000, 03, CHA, 75356
2000, 03, EA, 100742
2000, 03, IC-V, 119290
2000, 03, FRONT-ERC, 194715
2000, 03, PA, 206255
2000, 03, CC, 248261
2000, 03, BNG, 306268
2000, 03, EAJ-PNV, 353953
2000, 03, CIU, 970421
2000, 03, IULV-CA, 1263043
2000, 03, PSOE, 7918752
2000, 03, UPN-PP, 10321178
2003, 05, UPSA, 7410
2003, 05, URCL, 7452
2003, 05, EU, 10489
2003, 05, PR, 12667
2003, 05, C.I., 13977
2003, 05, TC-PNC, 16411
2003, 05, FIC, 23278
2003, 05, CDS, 23428
2003, 05, EA, 30485
2003, 05, ARALAR, 31235
2003, 05, UM, 33088
2003, 05, PSM-EN, 35633
2003, 05, UPL, 45791
2003, 05, PSA, 58931
2003, 05, PRC, 66592
2003, 05, EAJ-PNV, 76048
2003, 05, PAR, 85857
2003, 05, PUULC, 86539
2003, 05, CHA, 88939
2003, 05, IB-BLOC, 139307
2003, 05, CC, 283701
2003, 05, BNG, 325331
2003, 05, PA, 332970
2003, 05, IFS-EPM, 335861
2003, 05, EA/EAJ-PNV, 408317
2003, 05, IPC-AM, 419961
2003, 05, CIU, 789871
2003, 05, E.U.-I.U., 1394871
2003, 05, RESTO, 1503689
2003, 05, PP, 7875762
2003, 05, ICT-PM, 7999178
2004, 03, GPHAE, 52
2004, 03, PDN, 232
2004, 03, CCSE, 308
2004, 03, UN, 318
2004, 03, PRGU, 330
2004, 03, LG, 378
2004, 03, PNT, 379
2004, 03, TD, 407
2004, 03, N, 410
2004, 03, UPB, 411
2004, 03, AMAGA, 468
2004, 03, PSDA, 583
2004, 03, Ud Ca, 601
2004, 03, FDE, 619
2004, 03, L.I. (LIT-CI), 668
2004, 03, UCM, 751
2004, 03, ZU, 754
2004, 03, PNCA, 757
2004, 03, UCL, 798
2004, 03, PSPC, 807
2004, 03, IAS, 854
2004, 03, PPCr, 892
2004, 03, A-IZ, 901
2004, 03, AUN, 923
2004, 03, AxGC, 957
2004, 03, PRF, 1051
2004, 03, PSICV, 1096
2004, 03, ASI, 1237
2004, 03, OtraDem, 1302
2004, 03, PREPAL, 1322
2004, 03, CNC, 1431
2004, 03, PMAR, 1561
2004, 03, PCA, 1813
2004, 03, EV-AV, 1836
2004, 03, UPSa, 1871
2004, 03, AA, 1970
2004, 03, PAE, 2082
2004, 03, IRV, 2111
2004, 03, PTPRE, 2115
2004, 03, ADN, 2215
2004, 03, CG, 2235
2004, 03, FPG, 2257
2004, 03, PKD, 2300
2004, 03, Ei, 2332
2004, 03, CI, 2421
2004, 03, GVE, 2662
2004, 03, APCa, 2715
2004, 03, A, 2930
2004, 03, I.DE.S., 2934
2004, 03, AU.TO.NO.MO, 3124
2004, 03, LV, 3133
2004, 03, EU, 3916
2004, 03, PNC, 4092
2004, 03, ESPAÑA 2000, 4231
2004, 03, PAS, 4292
2004, 03, FA, 4589
2004, 03, VERDES, 5013
2004, 03, CDN, 5573
2004, 03, PADE, 5677
2004, 03, MSR, 6768
2004, 03, LVRM, 7074
2004, 03, POSI, 8003
2004, 03, TC-PNC, 8866
2004, 03, FE, 10311
2004, 03, UM, 10558
2004, 03, FE de las JONS, 12266
2004, 03, LV-GV, 12749
2004, 03, PCPC-PCPE, 12979
2004, 03, UPL, 14160
2004, 03, DN, 15180
2004, 03, PFyV, 16699
2004, 03, P.CANNABIS, 16918
2004, 03, IR-PRE, 16993
2004, 03, LVCM, 19600
2004, 03, PHC, 21758
2004, 03, PSA, 24127
2004, 03, EV-AE, 30528
2004, 03, CDS, 34101
2004, 03, PAR, 36540
2004, 03, LV-E, 37499
2004, 03, ARALAR-ZUTIK, 38560
2004, 03, CENB, 40208
2004, 03, PSM-EN,EU,EV,ER, 40289
2004, 03, BLOC-EV, 40759
2004, 03, Na-Bai, 61045
2004, 03, EA, 80905
2004, 03, CHA, 94252
2004, 03, PA, 181868
2004, 03, BNG, 208688
2004, 03, CC, 235221
2004, 03, EAJ-PNV, 420980
2004, 03, ERPV, 652196
2004, 03, CiU, 835471
2004, 03, VERDES-IUC-AC25, 1284081
2004, 03, UPN-PP, 9763144
2004, 03, PSdeG-PSOE, 11026163
2004, 06, UCL-PANCAL, 1544
2004, 06, PC, 1600
2004, 06, CL, 1719
2004, 06, FA, 2008
2004, 06, NOS-UP, 2516
2004, 06, EC, 2594
2004, 06, PREPAL, 3308
2004, 06, PADE, 3454
2004, 06, PH, 3923
2004, 06, PCPE-LI (LI, 4281
2004, 06, FE DE LAS J, 4484
2004, 06, LRC-CPE, 5267
2004, 06, LOS PARADOS, 5314
2004, 06, FE, 5935
2004, 06, DN, 6314
2004, 06, N.I.V., 6876
2004, 06, PFIV, 7958
2004, 06, POSI, 7976
2004, 06, CUP, 8180
2004, 06, PUM+J, 9202
2004, 06, C.D.S., 11820
2004, 06, PASOC, 13810
2004, 06, ARALAR, 19993
2004, 06, P.CANNABIS, 54460
2004, 06, EV-GV, 68536
2004, 06, UV, 197231
2004, 06, ERPV, 380709
2004, 06, IU-ICV-EUIA, 643136
2004, 06, BLOC, 798816
2004, 06, PP, 6393192
2004, 06, PSC (PSC-PS, 6741112
2007, 05, ADEIZA-UPZ, 6705
2007, 05, U.P.SA, 10179
2007, 05, IPEX, 12693
2007, 05, TC, 14331
2007, 05, GIR-FIC, 17478
2007, 05, C.I., 19885
2007, 05, PDEAL, 22554
2007, 05, M.A.S.U.P.L, 31851
2007, 05, TEGA, 33626
2007, 05, UM, 34300
2007, 05, P.S.A, 48365
2007, 05, NB, 52387
2007, 05, CHA, 58463
2007, 05, EB-B/A, 67325
2007, 05, EA, 72590
2007, 05, PR, 73657
2007, 05, PAR, 94079
2007, 05, EAE-ANV, 94253
2007, 05, BLOC VERDS, 105754
2007, 05, CC-AHI, 217407
2007, 05, P.A, 234885
2007, 05, EPG-EPPM, 258179
2007, 05, EAJ-PNV, 310036
2007, 05, BNG, 315279
2007, 05, VU-AM, 347601
2007, 05, FCIU, 723325
2007, 05, IR-EUPV-VER, 1217030
2007, 05, RESTO, 1382749
2007, 05, VITPASXXI-P, 7760865
2007, 05, PP, 7916075
2008, 03, PHache, 0
2008, 03, M.F.E., 68
2008, 03, AGRUCI, 79
2008, 03, ixC, 100
2008, 03, N som, 105
2008, 03, I.C.Bur, 109
2008, 03, AxB, 123
2008, 03, UCL, 124
2008, 03, AVE, 144
2008, 03, ABA, 145
2008, 03, P.R.GU., 152
2008, 03, TD, 159
2008, 03, PAIE, 174
2008, 03, Ud. Ca., 198
2008, 03, I.M.C., 202
2008, 03, CDAS, 216
2008, 03, CTC, 218
2008, 03, PPCr, 300
2008, 03, PIIB, 360
2008, 03, PB-UB, 385
2008, 03, PUEDE, 414
2008, 03, U.R.C.L., 423
2008, 03, IRV, 449
2008, 03, UCPIC, 464
2008, 03, pCUA, 475
2008, 03, MUPC, 497
2008, 03, PCTR, 509
2008, 03, plRV, 645
2008, 03, UNIDAD DEL PUEBLO, 699
2008, 03, (LI(LIT-CI)), 722
2008, 03, P.L.E.V.E., 786
2008, 03, UNIDA, 848
2008, 03, PLCI, 888
2008, 03, ANC, 1017
2008, 03, CDEs, 1047
2008, 03, PREPAL, 1278
2008, 03, AA, 1299
2008, 03, CDS, 1362
2008, 03, ONV, 1490
2008, 03, CDL, 1503
2008, 03, F.E, 1539
2008, 03, ULEG, 1566
2008, 03, PNF (NO-FUMADORES), 1616
2008, 03, PxCat, 1919
2008, 03, PCaC, 1956
2008, 03, E.V.-A.V., 2028
2008, 03, EXTREMADURA UNIDA, 2346
2008, 03, aBla, 2460
2008, 03, AuN, 2737
2008, 03, PARTIDO RIOJANO, 2837
2008, 03, IR-PRE, 2899
2008, 03, PDLPEA, 3050
2008, 03, A.M.D., 3829
2008, 03, SAIn, 3885
2008, 03, UPL, 4509
2008, 03, FA, 4607
2008, 03, TC, 4796
2008, 03, Ei, 5035
2008, 03, CVa, 5424
2008, 03, RC, 6746
2008, 03, E-2000, 6906
2008, 03, AES, 7300
2008, 03, POSI, 7386
2008, 03, RCN-NOK, 7769
2008, 03, LV-EV, 7824
2008, 03, PdeAL, 8451
2008, 03, PH, 9056
2008, 03, PFiV, 9882
2008, 03, EV-AE, 12561
2008, 03, DN, 12836
2008, 03, FE-JONS, 14023
2008, 03, CNB, 14193
2008, 03, PCPE, 20030
2008, 03, PSD-FIA, 20126
2008, 03, LVE, 20419
2008, 03, PUM+J, 23318
2008, 03, UNITAT PER LES ILLES, 25454
2008, 03, BLOC-IdPV-EV-EE, 29760
2008, 03, aralar, 29989
2008, 03, OV, 30840
2008, 03, NC-CCN, 38024
2008, 03, CHA, 38202
2008, 03, PAR, 40054
2008, 03, EV-LV, 41531
2008, 03, PACMA, 44795
2008, 03, C's, 46313
2008, 03, EA, 50371
2008, 03, NA-BAI, 62398
2008, 03, CA, 68679
2008, 03, CC-PNC-PIL, 174629
2008, 03, BNG, 212543
2008, 03, esquerra, 298139
2008, 03, UPyD, 306079
2008, 03, EAJ-PNV, 306128
2008, 03, CiU, 779425
2008, 03, IU, 969946
2008, 03, UPN-PP, 10278010
2008, 03, PSC-PSOE, 11289335
2009, 06, UCL, 1991
2009, 06, AA, 2255
2009, 06, UNA, 3183
2009, 06, UCE, 3483
2009, 06, PREPAL, 4767
2009, 06, EXTREMADURA UNIDA, 5007
2009, 06, FA, 5165
2009, 06, CDL, 5733
2009, 06, SAIn, 5877
2009, 06, MSR, 6009
2009, 06, UV, 6072
2009, 06, PH, 7009
2009, 06, RC, 7547
2009, 06, FN, 7970
2009, 06, iF, 9721
2009, 06, DN, 9950
2009, 06, FE de las JONS, 10031
2009, 06, CDS, 10144
2009, 06, PFyV, 10456
2009, 06, POSI, 12344
2009, 06, PSA, 13993
2009, 06, PCPE-EK, 15221
2009, 06, AES, 19583
2009, 06, IZAN-RG, 19735
2009, 06, LIBERTAS, 22903
2009, 06, PUM+J, 24507
2009, 06, PACMA, 41913
2009, 06, LV-GVE, 89147
2009, 06, II, 178121
2009, 06, LV, 394938
2009, 06, UPyD, 451866
2009, 06, IU-ICV-EUiA-BA, 588248
2009, 06, UM-UMe, 808246
2009, 06, PSC-PSOE, 6141784
2009, 06, PP, 6670377
2011, 05, COMPROMISO CON ARAGON, 4036
2011, 05, AB, 4248
2011, 05, ADEIZA-UPZ, 6233
2011, 05, U.C.I.T., 6455
2011, 05, SI, 6836
2011, 05, I.P.E.X., 7421
2011, 05, MASS, 8309
2011, 05, PARTIDO RIOJANO, 9210
2011, 05, PSM-EN-APIB, 10744
2011, 05, IA FIC, 12607
2011, 05, PCAL, 13650
2011, 05, PCAL-CI, 14889
2011, 05, CxI, 15194
2011, 05, UPL, 19748
2011, 05, C.D.L., 27220
2011, 05, S.I., 31793
2011, 05, ARALAR, 32660
2011, 05, NABAI 2011, 36262
2011, 05, NCa, 51220
2011, 05, CHA, 53149
2011, 05, CUP-PA, 62409
2011, 05, PxC, 66007
2011, 05, P.R.C., 70634
2011, 05, PAR, 77593
2011, 05, U.P.N., 88156
2011, 05, FAC, 121713
2011, 05, C.M.COMPROMÍS, 180832
2011, 05, CC-VU, 202720
2011, 05, CpL - EP-And, 230492
2011, 05, AMI-E, 242021
2011, 05, BNG, 261466
2011, 05, +C-Esquerra-AM, 271503
2011, 05, BILDU, 313238
2011, 05, E.A.J.-P.N.V., 327184
2011, 05, UPyD, 464824
2011, 05, CiU, 779188
2011, 05, IU, 1437061
2011, 05, RESTO, 1674163
2011, 05, PSC-PM, 6275314
2011, 05, PP-EU, 8476138
2011, 11, DNE, 0
2011, 11, SXT, 169
2011, 11, H.D., 206
2011, 11, LV-GV, 293
2011, 11, PDYC, 304
2011, 11, BASTA YA, 380
2011, 11, PRE-R, 419
2011, 11, INTERNET, 603
2011, 11, P.R.D.E., 678
2011, 11, U.R.C.L., 709
2011, 11, CYD, 720
2011, 11, DeC, 778
2011, 11, U.C.I.T., 785
2011, 11, +MAS+, 791
2011, 11, PFyV, 829
2011, 11, ACIMA, 966
2011, 11, CCD, 1074
2011, 11, ANDECHA, 1087
2011, 11, CEx, 1090
2011, 11, UNIDAD DEL PUEBLO, 1138
2011, 11, CXXI, 1443
2011, 11, Caballas, 1712
2011, 11, PRAO, 1784
2011, 11, D.N., 1867
2011, 11, POSI, 2007
2011, 11, PREPAL, 2058
2011, 11, P-LIB, 2065
2011, 11, UxV, 2210
2011, 11, PCAL, 2431
2011, 11, C.D.L., 2848
2011, 11, FE de las JONS, 2898
2011, 11, ANC, 3180
2011, 11, PIRATA, 3426
2011, 11, HARTOS.ORG, 3820
2011, 11, RPS, 5430
2011, 11, SAIn, 6863
2011, 11, ESPAÑA 2000, 9266
2011, 11, PH, 10132
2011, 11, UCE, 15869
2011, 11, PIRATA.CAT, 21876
2011, 11, ANTICAPITALISTES, 22289
2011, 11, P.C.P.E., 26254
2011, 11, PUM+J, 27210
2011, 11, GBAI, 42415
2011, 11, P.R.C., 44010
2011, 11, PxC, 59949
2011, 11, PA, 76999
2011, 11, Eb, 97673
2011, 11, FAC, 99473
2011, 11, PACMA, 102144
2011, 11, COMPROMÍS-Q, 125306
2011, 11, CC-NC-PNC, 143881
2011, 11, BNG, 184037
2011, 11, SSP-SxTF-EQUO, 216748
2011, 11, ERPV, 256985
2011, 11, EAJ-PNV, 324317
2011, 11, AMAIUR, 334498
2011, 11, CiU, 1015691
2011, 11, UPyD, 1143225
2011, 11, IU-V-SIEX: LA IZQUIERDA PLURAL, 1686040
2011, 11, PSC-PSOE, 7003511
2011, 11, UPN-PP, 10866566
2014, 05, M.C.R., 4980
2014, 05, IPEX-PREX-CREX, 5967
2014, 05, PREPAL, 6759
2014, 05, SAIn, 6929
2014, 05, R.R.U.E., 8309
2014, 05, ALTER, 8593
2014, 05, EXTREMADURA UNIDA, 8821
2014, 05, M.S.R., 8909
2014, 05, P-LIB, 9670
2014, 05, PT, 9940
2014, 05, PRAO, 11502
2014, 05, D.N., 13079
2014, 05, PH, 14896
2014, 05, LEM, 17035
2014, 05, ImpulsoSocial, 17879
2014, 05, CILUS, 18287
2014, 05, FE de las JONS, 21687
2014, 05, I.Fem, 23140
2014, 05, P.C.P.E., 29324
2014, 05, RECORTES CERO, 30827
2014, 05, DISCAPACITADOS Y ENFERMEDADES RARAS, 32833
2014, 05, F.A.C., 32962
2014, 05, PIRATAS, 38690
2014, 05, PARTIDO ANDALUCISTA, 49523
2014, 05, PARTIDO X, 100561
2014, 05, MOVIMIENTO RED, 105666
2014, 05, EB, 115682
2014, 05, PACMA, 177499
2014, 05, VOX, 246833
2014, 05, PRIMAVERA EUROPEA, 302266
2014, 05, EH BILDU-BNG, 326464
2014, 05, C's, 497146
2014, 05, EPDD, 630072
2014, 05, CiU, 851971
2014, 05, UPyD, 1022232
2014, 05, PODEMOS, 1253837
2014, 05, EUPV-EV, 1575308
2014, 05, PSC-PSOE, 3614232
2014, 05, P.P., 4098339
