"Tipo de elección.","Año del proceso electoral.","Mes del proceso electoral.","Número de vuelta (en procesos a una sola vuelta = 1) o Número de pregunta en Referéndum.","Código de la Comunidad Autónoma o 99 si se trata del Total Nacional del C.E.R.A.","Código I.N.E. de la provincia o 99 si se trata del Total Nacional o Autonómico del C.E.R.A.","Municipio","Código de la sección (tres dígitos seguidos de un espacio, letra mayúscula u otro dígito).","Código de la mesa (una letra mayúscula identificando la mesa o una ‘U’ en caso de mesa única).","Censo del I.N.E.","Censo de escrutinio o censo C.E.R.A.","Censo C.E.R.E. en escrutinio (Residentes Extranjeros).","Total votantes C.E.R.E. (Residentes Extranjeros).","Votantes del primer avance de participación.","Votantes del segundo avance de participación.","Votos en blanco.","Votos nulos.","Votos a candidaturas.","Votos afirmativos en Referéndum o ceros en otros procesos electorales.","Votos negativos en Referéndum o ceros en otros procesos electorales.","Datos oficiales (Si/No)."
07,1987,06,1,01,18,ALFACAR,01,0001,A,0001374,0001374,0000000,0000000,0000000,0000000,0000005,0000002,0001093,0000000,0000000,N
07,1987,06,1,01,18,ALGARINEJO,01,0004,B,0000331,0000331,0000000,0000000,0000000,0000000,0000007,0000005,0000216,0000000,0000000,N
07,1987,06,1,01,18,ALGARINEJO,01,0005,A,0000396,0000396,0000000,0000000,0000000,0000000,0000000,0000000,0000185,0000000,0000000,N
07,1987,06,1,01,18,ALHAMA DE GRANADA,01,0005,A,0000762,0000762,0000000,0000000,0000000,0000000,0000004,0000005,0000561,0000000,0000000,N
07,1987,06,1,01,18,ALMUÑÉCAR,01,0001,A,0001025,0001025,0000000,0000000,0000000,0000000,0000001,0000014,0000772,0000000,0000000,N
07,1987,06,1,01,18,ATARFE,02,0002,A,0000851,0000851,0000000,0000000,0000000,0000000,0000002,0000006,0000626,0000000,0000000,N
07,1987,06,1,01,18,BAZA,01,0003,A,0001655,0001655,0000000,0000000,0000000,0000000,0000011,0000008,0000907,0000000,0000000,N
07,1987,06,1,01,18,BEAS DE GUADIX,01,0001,A,0000341,0000341,0000000,0000000,0000000,0000000,0000000,0000002,0000194,0000000,0000000,N
07,1987,06,1,01,18,CANILES,01,0001,A,0000939,0000939,0000000,0000000,0000000,0000000,0000005,0000003,0000551,0000000,0000000,N
07,1987,06,1,01,18,ALBUÑOL,01,0001,A,0000491,0000491,0000000,0000000,0000000,0000000,0000000,0000008,0000315,0000000,0000000,N
07,1987,06,1,01,18,ALBUÑOL,01,0001,B,0000751,0000751,0000000,0000000,0000000,0000000,0000001,0000003,0000516,0000000,0000000,N
07,1987,06,1,01,18,ALGARINEJO,01,0003,A,0000726,0000726,0000000,0000000,0000000,0000000,0000015,0000003,0000373,0000000,0000000,N
07,1987,06,1,01,18,BEAS DE GRANADA,01,0001,A,0000643,0000643,0000000,0000000,0000000,0000000,0000003,0000002,0000418,0000000,0000000,N
07,1987,06,1,01,18,BENALÚA,01,0002,A,0001478,0001478,0000000,0000000,0000000,0000000,0000005,0000012,0001012,0000000,0000000,N
07,1987,06,1,01,18,CACÍN,01,0001,A,0000420,0000420,0000000,0000000,0000000,0000000,0000005,0000011,0000316,0000000,0000000,N
07,1987,06,1,01,18,CACÍN,01,0001,B,0000347,0000347,0000000,0000000,0000000,0000000,0000002,0000000,0000227,0000000,0000000,N
07,1987,06,1,01,18,CÁDIAR,01,0001,A,0000604,0000604,0000000,0000000,0000000,0000000,0000003,0000002,0000428,0000000,0000000,N
07,1987,06,1,01,18,CANILES,01,0004,A,0000781,0000781,0000000,0000000,0000000,0000000,0000006,0000002,0000314,0000000,0000000,N
07,1987,06,1,01,18,CÚLLAR,01,0003,B,0000352,0000352,0000000,0000000,0000000,0000000,0000000,0000004,0000230,0000000,0000000,N
07,1987,06,1,01,18,ALBOLOTE,01,0002,A,0001284,0001284,0000000,0000000,0000000,0000000,0000006,0000006,0000956,0000000,0000000,N
07,1987,06,1,01,18,ALMUÑÉCAR,01,0002,A,0001176,0001176,0000000,0000000,0000000,0000000,0000002,0000005,0000901,0000000,0000000,N
07,1987,06,1,01,18,ALMUÑÉCAR,01,0007,A,0001035,0001035,0000000,0000000,0000000,0000000,0000000,0000002,0000763,0000000,0000000,N
07,1987,06,1,01,18,ARMILLA,01,0001,A,0001668,0001668,0000000,0000000,0000000,0000000,0000006,0000009,0000833,0000000,0000000,N
07,1987,06,1,01,18,BAZA,01,0005,A,0000821,0000821,0000000,0000000,0000000,0000000,0000003,0000004,0000472,0000000,0000000,N
07,1987,06,1,01,18,CÁJAR,01,0001,B,0000592,0000592,0000000,0000000,0000000,0000000,0000001,0000001,0000462,0000000,0000000,N
07,1987,06,1,01,18,CORTES DE BAZA,01,0001,A,0001016,0001016,0000000,0000000,0000000,0000000,0000005,0000004,0000585,0000000,0000000,N
07,1987,06,1,01,18,GRANADA,01,0005,A,0001262,0001262,0000000,0000000,0000000,0000000,0000003,0000012,0000855,0000000,0000000,N
07,1987,06,1,01,18,GRANADA,02,0006,A,0000888,0000888,0000000,0000000,0000000,0000000,0000002,0000010,0000560,0000000,0000000,N
07,1987,06,1,01,18,GRANADA,02,0016,A,0000926,0000926,0000000,0000000,0000000,0000000,0000003,0000039,0000534,0000000,0000000,N
07,1987,06,1,01,18,GRANADA,02,0021,A,0000798,0000798,0000000,0000000,0000000,0000000,0000004,0000013,0000543,0000000,0000000,N
07,1987,06,1,01,18,GRANADA,02,0029,A,0001448,0001448,0000000,0000000,0000000,0000000,0000004,0000010,0000889,0000000,0000000,N
07,1987,06,1,01,18,GRANADA,02,0033,A,0001140,0001140,0000000,0000000,0000000,0000000,0000009,0000015,0000755,0000000,0000000,N
07,1987,06,1,01,18,GRANADA,03,0005,A,0000886,0000886,0000000,0000000,0000000,0000000,0000008,0000006,0000535,0000000,0000000,N
07,1987,06,1,01,18,GRANADA,03,0006,A,0001165,0001165,0000000,0000000,0000000,0000000,0000005,0000036,0000724,0000000,0000000,N
07,1987,06,1,01,18,GRANADA,03,0014,A,0000930,0000930,0000000,0000000,0000000,0000000,0000007,0000018,0000607,0000000,0000000,N
07,1987,06,1,01,18,GRANADA,03,0015,A,0001287,0001287,0000000,0000000,0000000,0000000,0000003,0000001,0000740,0000000,0000000,N
07,1987,06,1,01,18,GRANADA,07,0018,A,0001313,0001313,0000000,0000000,0000000,0000000,0000004,0000007,0000797,0000000,0000000,N
07,1987,06,1,01,18,GRANADA,07,0023,A,0000853,0000853,0000000,0000000,0000000,0000000,0000002,0000010,0000605,0000000,0000000,N
07,1987,06,1,01,18,GRANADA,07,0025,A,0001240,0001240,0000000,0000000,0000000,0000000,0000000,0000004,0000853,0000000,0000000,N
07,1987,06,1,01,18,GRANADA,09,0001,A,0000811,0000811,0000000,0000000,0000000,0000000,0000001,0000004,0000514,0000000,0000000,N
07,1987,06,1,01,18,GUADIX,01,0002,A,0000722,0000722,0000000,0000000,0000000,0000000,0000003,0000003,0000472,0000000,0000000,N
07,1987,06,1,01,18,HUÉTOR TÁJAR,01,0001,A,0002001,0002001,0000000,0000000,0000000,0000000,0000012,0000010,0001412,0000000,0000000,N
07,1987,06,1,01,18,HUÉTOR VEGA,01,0002,B,0001008,0001008,0000000,0000000,0000000,0000000,0000003,0000003,0000638,0000000,0000000,N
07,1987,06,1,01,18,CÚLLAR VEGA,01,0001,A,0001069,0001069,0000000,0000000,0000000,0000000,0000010,0000009,0000859,0000000,0000000,N
07,1987,06,1,01,18,GRANADA,02,0005,A,0001308,0001308,0000000,0000000,0000000,0000000,0000005,0000009,0000885,0000000,0000000,N
07,1987,06,1,01,18,GRANADA,02,0028,A,0001283,0001283,0000000,0000000,0000000,0000000,0000000,0000009,0000802,0000000,0000000,N
07,1987,06,1,01,18,GRANADA,02,0039,A,0000761,0000761,0000000,0000000,0000000,0000000,0000004,0000014,0000489,0000000,0000000,N
07,1987,06,1,01,18,GRANADA,02,0040,A,0001074,0001074,0000000,0000000,0000000,0000000,0000000,0000045,0000580,0000000,0000000,N
07,1987,06,1,01,18,GRANADA,03,0011,A,0001051,0001051,0000000,0000000,0000000,0000000,0000000,0000018,0000642,0000000,0000000,N
07,1987,06,1,01,18,GRANADA,06,0003,A,0000950,0000950,0000000,0000000,0000000,0000000,0000009,0000023,0000594,0000000,0000000,N
07,1987,06,1,01,18,GRANADA,07,0022,A,0001057,0001057,0000000,0000000,0000000,0000000,0000006,0000007,0000707,0000000,0000000,N
07,1987,06,1,01,18,GRANADA,09,0002,A,0000626,0000626,0000000,0000000,0000000,0000000,0000001,0000005,0000440,0000000,0000000,N
07,1987,06,1,01,18,GUADIX,01,0005,A,0001465,0001465,0000000,0000000,0000000,0000000,0000004,0000007,0001018,0000000,0000000,N
07,1987,06,1,01,18,GUALCHOS,01,0001,A,0000347,0000347,0000000,0000000,0000000,0000000,0000000,0000001,0000258,0000000,0000000,N
07,1987,06,1,01,18,GUALCHOS,01,0001,B,0000541,0000541,0000000,0000000,0000000,0000000,0000003,0000000,0000418,0000000,0000000,N
07,1987,06,1,01,18,HUÉSCAR,01,0005,B,0001058,0001058,0000000,0000000,0000000,0000000,0000006,0000012,0000684,0000000,0000000,N
07,1987,06,1,01,18,HUÉTOR DE SANTILLÁN,01,0001,A,0000999,0000999,0000000,0000000,0000000,0000000,0000005,0000010,0000785,0000000,0000000,N
07,1987,06,1,01,18,ILLORA,01,0002,A,0001329,0001329,0000000,0000000,0000000,0000000,0000003,0000006,0001030,0000000,0000000,N
07,1987,06,1,01,18,IZNALLOZ,01,0001,A,0001091,0001091,0000000,0000000,0000000,0000000,0000002,0000003,0000739,0000000,0000000,N
07,1987,06,1,01,18,JAYENA,01,0001,A,0001112,0001112,0000000,0000000,0000000,0000000,0000004,0000002,0000782,0000000,0000000,N
07,1987,06,1,01,18,JEREZ DEL MARQUESADO,01,0001,A,0001083,0001083,0000000,0000000,0000000,0000000,0000004,0000003,0000809,0000000,0000000,N
07,1987,06,1,01,18,ALBUÑOL,02,0001,A,0000962,0000962,0000000,0000000,0000000,0000000,0000000,0000011,0000738,0000000,0000000,N
07,1987,06,1,01,18,ALGARINEJO,01,0005,B,0000436,0000436,0000000,0000000,0000000,0000000,0000002,0000000,0000267,0000000,0000000,N
07,1987,06,1,01,18,ALMEGÍJAR,01,0001,A,0000449,0000449,0000000,0000000,0000000,0000000,0000002,0000003,0000340,0000000,0000000,N
07,1987,06,1,01,18,ALMUÑÉCAR,01,0003,A,0001226,0001226,0000000,0000000,0000000,0000000,0000000,0000008,0000977,0000000,0000000,N
07,1987,06,1,01,18,ALMUÑÉCAR,02,0001,A,0001349,0001349,0000000,0000000,0000000,0000000,0000002,0000009,0001074,0000000,0000000,N
07,1987,06,1,01,18,ARENAS DEL REY,01,0002,A,0000577,0000577,0000000,0000000,0000000,0000000,0000000,0000000,0000349,0000000,0000000,N
07,1987,06,1,01,18,CASTILLÉJAR,01,0001,A,0000663,0000663,0000000,0000000,0000000,0000000,0000002,0000006,0000342,0000000,0000000,N
07,1987,06,1,01,18,DÚRCAL,01,0002,A,0001261,0001261,0000000,0000000,0000000,0000000,0000008,0000006,0000893,0000000,0000000,N
07,1987,06,1,01,18,ESCÚZAR,01,0001,A,0000876,0000876,0000000,0000000,0000000,0000000,0000001,0000011,0000556,0000000,0000000,N
07,1987,06,1,01,18,FUENTE VAQUEROS,01,0001,A,0001000,0001000,0000000,0000000,0000000,0000000,0000004,0000007,0000816,0000000,0000000,N
07,1987,06,1,01,18,GRANADA,01,0006,A,0001330,0001330,0000000,0000000,0000000,0000000,0000003,0000003,0000936,0000000,0000000,N
07,1987,06,1,01,18,GRANADA,01,0011,A,0001457,0001457,0000000,0000000,0000000,0000000,0000008,0000004,0001009,0000000,0000000,N
07,1987,06,1,01,18,GRANADA,01,0020,A,0000823,0000823,0000000,0000000,0000000,0000000,0000002,0000020,0000560,0000000,0000000,N
07,1987,06,1,01,18,GRANADA,02,0001,A,0001070,0001070,0000000,0000000,0000000,0000000,0000007,0000067,0000671,0000000,0000000,N
07,1987,06,1,01,18,GRANADA,02,0013,A,0001020,0001020,0000000,0000000,0000000,0000000,0000009,0000033,0000602,0000000,0000000,N
07,1987,06,1,01,18,GRANADA,02,0014,A,0001312,0001312,0000000,0000000,0000000,0000000,0000004,0000071,0000863,0000000,0000000,N
07,1987,06,1,01,18,GRANADA,02,0030,A,0001340,0001340,0000000,0000000,0000000,0000000,0000006,0000002,0000890,0000000,0000000,N
07,1987,06,1,01,18,GRANADA,02,0035,A,0001145,0001145,0000000,0000000,0000000,0000000,0000025,0000039,0000727,0000000,0000000,N
07,1987,06,1,01,18,CANILES,02,0001,A,0000350,0000350,0000000,0000000,0000000,0000000,0000001,0000001,0000110,0000000,0000000,N
07,1987,06,1,01,18,CANILES,02,0001,B,0000352,0000352,0000000,0000000,0000000,0000000,0000002,0000000,0000103,0000000,0000000,N
07,1987,06,1,01,18,CASTILLÉJAR,01,0002,A,0000552,0000552,0000000,0000000,0000000,0000000,0000002,0000002,0000321,0000000,0000000,N
07,1987,06,1,01,18,CHIMENEAS,01,0001,B,0000353,0000353,0000000,0000000,0000000,0000000,0000004,0000008,0000250,0000000,0000000,N
07,1987,06,1,01,18,DÚRCAL,01,0001,A,0001321,0001321,0000000,0000000,0000000,0000000,0000012,0000009,0000870,0000000,0000000,N
07,1987,06,1,01,18,GRANADA,02,0031,A,0000949,0000949,0000000,0000000,0000000,0000000,0000008,0000008,0000605,0000000,0000000,N
07,1987,06,1,01,18,GRANADA,02,0034,A,0000871,0000871,0000000,0000000,0000000,0000000,0000007,0000004,0000654,0000000,0000000,N
07,1987,06,1,01,18,GRANADA,03,0001,A,0000830,0000830,0000000,0000000,0000000,0000000,0000004,0000004,0000541,0000000,0000000,N
07,1987,06,1,01,18,GRANADA,03,0027,A,0001586,0001586,0000000,0000000,0000000,0000000,0000009,0000005,0000839,0000000,0000000,N
07,1987,06,1,01,18,GRANADA,06,0012,A,0001385,0001385,0000000,0000000,0000000,0000000,0000012,0000022,0000834,0000000,0000000,N
07,1987,06,1,01,18,GRANADA,07,0007,A,0000684,0000684,0000000,0000000,0000000,0000000,0000002,0000002,0000501,0000000,0000000,N
07,1987,06,1,01,18,GRANADA,07,0021,A,0000972,0000972,0000000,0000000,0000000,0000000,0000004,0000005,0000634,0000000,0000000,N
07,1987,06,1,01,18,GRANADA,07,0024,A,0001330,0001330,0000000,0000000,0000000,0000000,0000007,0000009,0000917,0000000,0000000,N
07,1987,06,1,01,18,GRANADA,08,0005,A,0000852,0000852,0000000,0000000,0000000,0000000,0000000,0000019,0000432,0000000,0000000,N
07,1987,06,1,01,18,GRANADA,09,0005,A,0000799,0000799,0000000,0000000,0000000,0000000,0000002,0000003,0000529,0000000,0000000,N
07,1987,06,1,01,18,GUADAHORTUNA,01,0002,A,0000684,0000684,0000000,0000000,0000000,0000000,0000002,0000003,0000491,0000000,0000000,N
07,1987,06,1,01,18,GUADIX,03,0001,A,0000709,0000709,0000000,0000000,0000000,0000000,0000002,0000001,0000432,0000000,0000000,N
07,1987,06,1,01,18,HUÉNEJA,02,0001,A,0000546,0000546,0000000,0000000,0000000,0000000,0000008,0000007,0000351,0000000,0000000,N
07,1987,06,1,01,18,LOJA,05,0002,C,0000420,0000420,0000000,0000000,0000000,0000000,0000000,0000003,0000218,0000000,0000000,N
07,1987,06,1,01,18,MONTILLANA,01,0001,A,0001070,0001070,0000000,0000000,0000000,0000000,0000001,0000005,0000782,0000000,0000000,N
07,1987,06,1,01,18,MOTRIL,01,0003,A,0000708,0000708,0000000,0000000,0000000,0000000,0000003,0000002,0000426,0000000,0000000,N
07,1987,06,1,01,18,MOTRIL,04,0001,A,0001332,0001332,0000000,0000000,0000000,0000000,0000012,0000018,0000788,0000000,0000000,N
07,1987,06,1,01,18,MOTRIL,04,0006,A,0000345,0000345,0000000,0000000,0000000,0000000,0000001,0000002,0000240,0000000,0000000,N
07,1987,06,1,01,18,PAMPANEIRA,01,0001,A,0000301,0000301,0000000,0000000,0000000,0000000,0000005,0000000,0000199,0000000,0000000,N
07,1987,06,1,01,18,PELIGROS,01,0002,A,0000813,0000813,0000000,0000000,0000000,0000000,0000003,0000005,0000637,0000000,0000000,N
07,1987,06,1,01,18,PINOS PUENTE,03,0003,A,0001363,0001363,0000000,0000000,0000000,0000000,0000000,0000004,0001082,0000000,0000000,N
07,1987,06,1,01,18,POLOPOS,01,0001,B,0000487,0000487,0000000,0000000,0000000,0000000,0000000,0000000,0000433,0000000,0000000,N
07,1987,06,1,01,18,PURULLENA,01,0001,B,0000679,0000679,0000000,0000000,0000000,0000000,0000000,0000009,0000470,0000000,0000000,N
07,1987,06,1,01,18,RUBITE,01,0001,A,0000458,0000458,0000000,0000000,0000000,0000000,0000000,0000002,0000289,0000000,0000000,N
07,1987,06,1,01,18,SANTA FE,01,0001,A,0001422,0001422,0000000,0000000,0000000,0000000,0000002,0000009,0000957,0000000,0000000,N
07,1987,06,1,01,18,VÍZNAR,01,0001,A,0000556,0000556,0000000,0000000,0000000,0000000,0000004,0000000,0000334,0000000,0000000,N
07,1987,06,1,01,18,ZAFARRAYA,01,0001,C,0000286,0000286,0000000,0000000,0000000,0000000,0000000,0000006,0000243,0000000,0000000,N
07,1987,06,1,01,18,GUAJARES (LOS),01,0001,B,0000370,0000370,0000000,0000000,0000000,0000000,0000003,0000003,0000283,0000000,0000000,N
07,1987,06,1,01,18,VEGAS DEL GENIL,01,0002,A,0000569,0000569,0000000,0000000,0000000,0000000,0000000,0000010,0000402,0000000,0000000,N
07,1987,06,1,01,18,CUEVAS DEL CAMPO,01,0001,A,0000409,0000409,0000000,0000000,0000000,0000000,0000001,0000000,0000221,0000000,0000000,N
07,1987,06,1,01,18,ALAMEDILLA,01,0001,A,0000789,0000789,0000000,0000000,0000000,0000000,0000001,0000000,0000545,0000000,0000000,N
07,1987,06,1,01,18,ALBOLOTE,01,0004,A,0001082,0001082,0000000,0000000,0000000,0000000,0000005,0000011,0000820,0000000,0000000,N
07,1987,06,1,01,18,ALHENDÍN,01,0002,A,0001175,0001175,0000000,0000000,0000000,0000000,0000013,0000000,0000845,0000000,0000000,N
07,1987,06,1,01,18,ARMILLA,01,0005,B,0001272,0001272,0000000,0000000,0000000,0000000,0000003,0000007,0000795,0000000,0000000,N
07,1987,06,1,01,18,BAZA,02,0002,A,0001092,0001092,0000000,0000000,0000000,0000000,0000010,0000007,0000490,0000000,0000000,N
07,1987,06,1,01,18,BENAMAUREL,01,0001,A,0001129,0001129,0000000,0000000,0000000,0000000,0000002,0000005,0000739,0000000,0000000,N
07,1987,06,1,01,18,DÍLAR,01,0001,A,0001049,0001049,0000000,0000000,0000000,0000000,0000006,0000001,0000715,0000000,0000000,N
07,1987,06,1,01,18,GORAFE,01,0001,A,0000576,0000576,0000000,0000000,0000000,0000000,0000002,0000001,0000351,0000000,0000000,N
07,1987,06,1,01,18,GRANADA,01,0002,A,0001047,0001047,0000000,0000000,0000000,0000000,0000001,0000008,0000649,0000000,0000000,N
07,1987,06,1,01,18,GRANADA,01,0018,A,0001157,0001157,0000000,0000000,0000000,0000000,0000006,0000058,0000694,0000000,0000000,N
07,1987,06,1,01,18,GRANADA,02,0009,A,0001064,0001064,0000000,0000000,0000000,0000000,0000006,0000001,0000723,0000000,0000000,N
07,1987,06,1,01,18,GRANADA,02,0018,A,0001377,0001377,0000000,0000000,0000000,0000000,0000005,0000021,0000859,0000000,0000000,N
07,1987,06,1,01,18,GRANADA,02,0036,A,0000937,0000937,0000000,0000000,0000000,0000000,0000005,0000022,0000669,0000000,0000000,N
07,1987,06,1,01,18,GRANADA,03,0018,A,0000909,0000909,0000000,0000000,0000000,0000000,0000002,0000006,0000512,0000000,0000000,N
07,1987,06,1,01,18,GRANADA,03,0020,A,0001095,0001095,0000000,0000000,0000000,0000000,0000003,0000035,0000626,0000000,0000000,N
07,1987,06,1,01,18,LOJA,03,0004,A,0000500,0000500,0000000,0000000,0000000,0000000,0000001,0000000,0000320,0000000,0000000,N
07,1987,06,1,01,18,LUGROS,01,0001,A,0000470,0000470,0000000,0000000,0000000,0000000,0000000,0000002,0000263,0000000,0000000,N
07,1987,06,1,01,18,MOTRIL,04,0005,A,0001270,0001270,0000000,0000000,0000000,0000000,0000000,0000013,0000773,0000000,0000000,N
07,1987,06,1,01,18,MOTRIL,05,0003,B,0000889,0000889,0000000,0000000,0000000,0000000,0000002,0000010,0000414,0000000,0000000,N
07,1987,06,1,01,18,ÓRGIVA,01,0002,A,0000602,0000602,0000000,0000000,0000000,0000000,0000000,0000000,0000366,0000000,0000000,N
07,1987,06,1,01,18,VILLA DE OTURA,01,0001,B,0000937,0000937,0000000,0000000,0000000,0000000,0000001,0000011,0000762,0000000,0000000,N
07,1987,06,1,01,18,PEZA (LA),01,0001,A,0001273,0001273,0000000,0000000,0000000,0000000,0000007,0000002,0000815,0000000,0000000,N
07,1987,06,1,01,18,PULIANAS,01,0001,A,0000705,0000705,0000000,0000000,0000000,0000000,0000002,0000005,0000529,0000000,0000000,N
07,1987,06,1,01,18,PULIANAS,01,0001,B,0000871,0000871,0000000,0000000,0000000,0000000,0000003,0000001,0000648,0000000,0000000,N
07,1987,06,1,01,18,PURULLENA,01,0001,A,0000351,0000351,0000000,0000000,0000000,0000000,0000000,0000010,0000239,0000000,0000000,N
07,1987,06,1,01,18,SANTA FE,01,0005,A,0001307,0001307,0000000,0000000,0000000,0000000,0000000,0000009,0000904,0000000,0000000,N
07,1987,06,1,01,18,SOPORTÚJAR,01,0001,A,0000235,0000235,0000000,0000000,0000000,0000000,0000002,0000001,0000160,0000000,0000000,N
07,1987,06,1,01,18,VILLANUEVA DE LAS TORRES,01,0001,A,0000782,0000782,0000000,0000000,0000000,0000000,0000002,0000006,0000459,0000000,0000000,N
07,1987,06,1,01,18,ZÚJAR,01,0001,B,0001015,0001015,0000000,0000000,0000000,0000000,0000000,0000004,0000678,0000000,0000000,N
07,1987,06,1,01,18,GUAJARES (LOS),01,0001,A,0000635,0000635,0000000,0000000,0000000,0000000,0000002,0000004,0000443,0000000,0000000,N
07,1987,06,1,01,18,VALLE DEL ZALABÍ,01,0002,B,0000478,0000478,0000000,0000000,0000000,0000000,0000001,0000002,0000339,0000000,0000000,N
07,1987,06,1,01,18,VILLAMENA,01,0001,A,0000547,0000547,0000000,0000000,0000000,0000000,0000001,0000002,0000400,0000000,0000000,N
07,1987,06,1,01,18,CUEVAS DEL CAMPO,01,0001,B,0000711,0000711,0000000,0000000,0000000,0000000,0000007,0000001,0000424,0000000,0000000,N
07,1987,06,1,01,18,GRANADA,02,0042,A,0000996,0000996,0000000,0000000,0000000,0000000,0000002,0000006,0000607,0000000,0000000,N
07,1987,06,1,01,18,GRANADA,03,0007,A,0001050,0001050,0000000,0000000,0000000,0000000,0000006,0000017,0000662,0000000,0000000,N
07,1987,06,1,01,18,GRANADA,03,0013,A,0001493,0001493,0000000,0000000,0000000,0000000,0000009,0000023,0001004,0000000,0000000,N
07,1987,06,1,01,18,GRANADA,06,0005,A,0001558,0001558,0000000,0000000,0000000,0000000,0000004,0000002,0000844,0000000,0000000,N
07,1987,06,1,01,18,GRANADA,06,0018,A,0000983,0000983,0000000,0000000,0000000,0000000,0000003,0000027,0000656,0000000,0000000,N
07,1987,06,1,01,18,GRANADA,07,0001,A,0000736,0000736,0000000,0000000,0000000,0000000,0000002,0000003,0000456,0000000,0000000,N
07,1987,06,1,01,18,GRANADA,07,0010,A,0001298,0001298,0000000,0000000,0000000,0000000,0000007,0000001,0000834,0000000,0000000,N
07,1987,06,1,01,18,GRANADA,07,0028,A,0000936,0000936,0000000,0000000,0000000,0000000,0000014,0000007,0000581,0000000,0000000,N
07,1987,06,1,01,18,GUADIX,01,0008,A,0001048,0001048,0000000,0000000,0000000,0000000,0000002,0000001,0000710,0000000,0000000,N
07,1987,06,1,01,18,GUADIX,02,0004,A,0000879,0000879,0000000,0000000,0000000,0000000,0000000,0000004,0000632,0000000,0000000,N
07,1987,06,1,01,18,HUÉSCAR,01,0004,A,0000828,0000828,0000000,0000000,0000000,0000000,0000001,0000004,0000408,0000000,0000000,N
07,1987,06,1,01,18,HUÉTOR VEGA,01,0001,B,0001142,0001142,0000000,0000000,0000000,0000000,0000004,0000009,0000802,0000000,0000000,N
07,1987,06,1,01,18,JETE,01,0001,A,0000549,0000549,0000000,0000000,0000000,0000000,0000000,0000002,0000485,0000000,0000000,N
07,1987,06,1,01,18,LECRÍN,01,0002,B,0000280,0000280,0000000,0000000,0000000,0000000,0000001,0000002,0000198,0000000,0000000,N
07,1987,06,1,01,18,LOJA,03,0003,A,0000332,0000332,0000000,0000000,0000000,0000000,0000001,0000002,0000217,0000000,0000000,N
07,1987,06,1,01,18,MARACENA,01,0002,A,0000850,0000850,0000000,0000000,0000000,0000000,0000001,0000005,0000616,0000000,0000000,N
07,1987,06,1,01,18,MOTRIL,04,0002,A,0001065,0001065,0000000,0000000,0000000,0000000,0000002,0000006,0000683,0000000,0000000,N
07,1987,06,1,01,18,MOTRIL,04,0011,A,0000629,0000629,0000000,0000000,0000000,0000000,0000005,0000004,0000386,0000000,0000000,N
07,1987,06,1,01,18,SALOBREÑA,01,0004,A,0000679,0000679,0000000,0000000,0000000,0000000,0000003,0000000,0000484,0000000,0000000,N
07,1987,06,1,01,18,HUÉSCAR,01,0001,B,0000693,0000693,0000000,0000000,0000000,0000000,0000005,0000001,0000451,0000000,0000000,N
07,1987,06,1,01,18,HUÉTOR TÁJAR,01,0004,A,0000672,0000672,0000000,0000000,0000000,0000000,0000004,0000014,0000442,0000000,0000000,N
07,1987,06,1,01,18,ILLORA,02,0003,B,0000402,0000402,0000000,0000000,0000000,0000000,0000000,0000004,0000311,0000000,0000000,N
07,1987,06,1,01,18,IZNALLOZ,01,0003,A,0000942,0000942,0000000,0000000,0000000,0000000,0000005,0000000,0000626,0000000,0000000,N
07,1987,06,1,01,18,IZNALLOZ,02,0001,A,0000687,0000687,0000000,0000000,0000000,0000000,0000000,0000003,0000502,0000000,0000000,N
07,1987,06,1,01,18,LÁCHAR,01,0001,B,0000400,0000400,0000000,0000000,0000000,0000000,0000001,0000001,0000325,0000000,0000000,N
07,1987,06,1,01,18,LOJA,04,0002,B,0000212,0000212,0000000,0000000,0000000,0000000,0000001,0000000,0000149,0000000,0000000,N
07,1987,06,1,01,18,MALAHÁ (LA),01,0001,A,0001186,0001186,0000000,0000000,0000000,0000000,0000000,0000005,0000874,0000000,0000000,N
07,1987,06,1,01,18,MOCLÍN,02,0001,A,0000762,0000762,0000000,0000000,0000000,0000000,0000002,0000004,0000575,0000000,0000000,N
07,1987,06,1,01,18,MONACHIL,02,0001,A,0001944,0001944,0000000,0000000,0000000,0000000,0000013,0000008,0001173,0000000,0000000,N
07,1987,06,1,01,18,MOTRIL,01,0001,A,0001370,0001370,0000000,0000000,0000000,0000000,0000010,0000007,0000818,0000000,0000000,N
07,1987,06,1,01,18,PÍÑAR,01,0001,B,0000257,0000257,0000000,0000000,0000000,0000000,0000000,0000000,0000200,0000000,0000000,N
07,1987,06,1,01,18,SANTA FE,01,0007,A,0000791,0000791,0000000,0000000,0000000,0000000,0000002,0000014,0000550,0000000,0000000,N
07,1987,06,1,01,18,SANTA FE,02,0001,A,0000614,0000614,0000000,0000000,0000000,0000000,0000000,0000015,0000418,0000000,0000000,N
07,1987,06,1,01,18,TORVIZCÓN,01,0001,A,0001003,0001003,0000000,0000000,0000000,0000000,0000005,0000002,0000632,0000000,0000000,N
07,1987,06,1,01,18,VALLE (EL),01,0001,B,0000545,0000545,0000000,0000000,0000000,0000000,0000010,0000004,0000302,0000000,0000000,N
07,1987,06,1,01,18,NEVADA,01,0001,C,0000325,0000325,0000000,0000000,0000000,0000000,0000000,0000001,0000243,0000000,0000000,N
07,1987,06,1,01,18,GRANADA,04,0003,A,0000823,0000823,0000000,0000000,0000000,0000000,0000005,0000007,0000343,0000000,0000000,N
07,1987,06,1,01,18,GRANADA,06,0013,A,0000764,0000764,0000000,0000000,0000000,0000000,0000004,0000012,0000503,0000000,0000000,N
07,1987,06,1,01,18,GRANADA,06,0016,A,0001035,0001035,0000000,0000000,0000000,0000000,0000003,0000017,0000681,0000000,0000000,N
07,1987,06,1,01,18,GRANADA,06,0017,A,0000968,0000968,0000000,0000000,0000000,0000000,0000007,0000005,0000650,0000000,0000000,N
07,1987,06,1,01,18,GRANADA,07,0012,A,0001446,0001446,0000000,0000000,0000000,0000000,0000002,0000002,0000939,0000000,0000000,N
07,1987,06,1,01,18,GRANADA,07,0020,A,0001125,0001125,0000000,0000000,0000000,0000000,0000006,0000007,0000720,0000000,0000000,N
07,1987,06,1,01,18,GRANADA,08,0001,A,0000782,0000782,0000000,0000000,0000000,0000000,0000001,0000005,0000447,0000000,0000000,N
07,1987,06,1,01,18,GUADIX,01,0003,A,0000922,0000922,0000000,0000000,0000000,0000000,0000000,0000011,0000609,0000000,0000000,N
07,1987,06,1,01,18,HUÉLAGO,01,0001,A,0000636,0000636,0000000,0000000,0000000,0000000,0000001,0000003,0000475,0000000,0000000,N
07,1987,06,1,01,18,JUVILES,01,0001,A,0000153,0000153,0000000,0000000,0000000,0000000,0000000,0000002,0000090,0000000,0000000,N
07,1987,06,1,01,18,LANJARÓN,01,0002,A,0000836,0000836,0000000,0000000,0000000,0000000,0000002,0000006,0000640,0000000,0000000,N
07,1987,06,1,01,18,LANTEIRA,01,0001,A,0000652,0000652,0000000,0000000,0000000,0000000,0000007,0000003,0000484,0000000,0000000,N
07,1987,06,1,01,18,LOJA,01,0003,A,0000556,0000556,0000000,0000000,0000000,0000000,0000003,0000007,0000359,0000000,0000000,N
07,1987,06,1,01,18,LOJA,02,0003,B,0000653,0000653,0000000,0000000,0000000,0000000,0000007,0000009,0000439,0000000,0000000,N
07,1987,06,1,01,18,LOJA,04,0001,B,0000267,0000267,0000000,0000000,0000000,0000000,0000001,0000018,0000146,0000000,0000000,N
07,1987,06,1,01,18,LOJA,05,0001,A,0000402,0000402,0000000,0000000,0000000,0000000,0000005,0000004,0000267,0000000,0000000,N
07,1987,06,1,01,18,MOTRIL,02,0004,A,0000604,0000604,0000000,0000000,0000000,0000000,0000003,0000007,0000350,0000000,0000000,N
07,1987,06,1,01,18,MOTRIL,03,0002,A,0000885,0000885,0000000,0000000,0000000,0000000,0000002,0000004,0000561,0000000,0000000,N
07,1987,06,1,01,18,MOTRIL,03,0003,A,0001320,0001320,0000000,0000000,0000000,0000000,0000005,0000006,0000777,0000000,0000000,N
07,1987,06,1,01,18,VÁLOR,01,0001,A,0000990,0000990,0000000,0000000,0000000,0000000,0000007,0000006,0000597,0000000,0000000,N
07,1987,06,1,01,18,MOTRIL,04,0006,B,0000340,0000340,0000000,0000000,0000000,0000000,0000001,0000000,0000183,0000000,0000000,N
07,1987,06,1,01,18,MOTRIL,05,0002,A,0001074,0001074,0000000,0000000,0000000,0000000,0000005,0000007,0000528,0000000,0000000,N
07,1987,06,1,01,18,OTÍVAR,01,0001,A,0000890,0000890,0000000,0000000,0000000,0000000,0000000,0000000,0000676,0000000,0000000,N
07,1987,06,1,01,18,PELIGROS,01,0001,A,0000813,0000813,0000000,0000000,0000000,0000000,0000007,0000001,0000622,0000000,0000000,N
07,1987,06,1,01,18,PELIGROS,01,0001,B,0000947,0000947,0000000,0000000,0000000,0000000,0000003,0000004,0000725,0000000,0000000,N
07,1987,06,1,01,18,PINOS PUENTE,01,0002,A,0000813,0000813,0000000,0000000,0000000,0000000,0000003,0000223,0000405,0000000,0000000,N
07,1987,06,1,01,18,PINOS PUENTE,03,0003,B,0000455,0000455,0000000,0000000,0000000,0000000,0000000,0000001,0000328,0000000,0000000,N
07,1987,06,1,01,18,PUEBLA DE DON FADRIQUE,01,0002,A,0000796,0000796,0000000,0000000,0000000,0000000,0000000,0000009,0000556,0000000,0000000,N
07,1987,06,1,01,18,SALOBREÑA,01,0001,A,0001189,0001189,0000000,0000000,0000000,0000000,0000000,0000007,0000882,0000000,0000000,N
07,1987,06,1,01,18,ALMUÑÉCAR,01,0005,A,0000954,0000954,0000000,0000000,0000000,0000000,0000000,0000007,0000741,0000000,0000000,N
07,1987,06,1,01,18,ALMUÑÉCAR,03,0001,B,0000169,0000169,0000000,0000000,0000000,0000000,0000000,0000000,0000129,0000000,0000000,N
07,1987,06,1,01,18,ARENAS DEL REY,01,0001,A,0000656,0000656,0000000,0000000,0000000,0000000,0000003,0000002,0000457,0000000,0000000,N
07,1987,06,1,01,18,ATARFE,02,0001,A,0000977,0000977,0000000,0000000,0000000,0000000,0000004,0000000,0000736,0000000,0000000,N
07,1987,06,1,01,18,BAZA,03,0002,A,0001093,0001093,0000000,0000000,0000000,0000000,0000002,0000013,0000474,0000000,0000000,N
07,1987,06,1,01,18,BUBIÓN,01,0001,A,0000243,0000243,0000000,0000000,0000000,0000000,0000001,0000001,0000190,0000000,0000000,N
07,1987,06,1,01,18,CARATAUNAS,01,0001,A,0000143,0000143,0000000,0000000,0000000,0000000,0000000,0000000,0000106,0000000,0000000,N
07,1987,06,1,01,18,CASTRIL,02,0001,A,0000517,0000517,0000000,0000000,0000000,0000000,0000005,0000000,0000220,0000000,0000000,N
07,1987,06,1,01,18,CENES DE LA VEGA,01,0001,A,0000935,0000935,0000000,0000000,0000000,0000000,0000004,0000004,0000802,0000000,0000000,N
07,1987,06,1,01,18,CHURRIANA DE LA VEGA,01,0002,A,0001606,0001606,0000000,0000000,0000000,0000000,0000014,0000022,0001138,0000000,0000000,N
07,1987,06,1,01,18,FUENTE VAQUEROS,01,0002,A,0000870,0000870,0000000,0000000,0000000,0000000,0000002,0000012,0000680,0000000,0000000,N
07,1987,06,1,01,18,GRANADA,02,0015,A,0001146,0001146,0000000,0000000,0000000,0000000,0000006,0000008,0000724,0000000,0000000,N
07,1987,06,1,01,18,GRANADA,02,0044,A,0000675,0000675,0000000,0000000,0000000,0000000,0000002,0000013,0000420,0000000,0000000,N
07,1987,06,1,01,18,GRANADA,03,0002,A,0001239,0001239,0000000,0000000,0000000,0000000,0000008,0000000,0000763,0000000,0000000,N
07,1987,06,1,01,18,GRANADA,03,0028,A,0001564,0001564,0000000,0000000,0000000,0000000,0000016,0000014,0000975,0000000,0000000,N
07,1987,06,1,01,18,GRANADA,06,0015,A,0000981,0000981,0000000,0000000,0000000,0000000,0000002,0000005,0000667,0000000,0000000,N
07,1987,06,1,01,18,GRANADA,07,0014,A,0001287,0001287,0000000,0000000,0000000,0000000,0000009,0000019,0000864,0000000,0000000,N
07,1987,06,1,01,18,GRANADA,08,0003,A,0001145,0001145,0000000,0000000,0000000,0000000,0000002,0000081,0000634,0000000,0000000,N
07,1987,06,1,01,18,GRANADA,09,0003,A,0000924,0000924,0000000,0000000,0000000,0000000,0000005,0000011,0000584,0000000,0000000,N
07,1987,06,1,01,18,GUADAHORTUNA,01,0001,A,0001068,0001068,0000000,0000000,0000000,0000000,0000002,0000003,0000782,0000000,0000000,N
07,1987,06,1,01,18,GUADIX,01,0001,A,0000992,0000992,0000000,0000000,0000000,0000000,0000000,0000011,0000569,0000000,0000000,N
07,1987,06,1,01,18,HUÉSCAR,01,0001,A,0000527,0000527,0000000,0000000,0000000,0000000,0000000,0000003,0000360,0000000,0000000,N
07,1987,06,1,01,18,ALBUÑUELAS,01,0001,B,0000358,0000358,0000000,0000000,0000000,0000000,0000003,0000001,0000274,0000000,0000000,N
07,1987,06,1,01,18,ALDEIRE,01,0001,A,0000801,0000801,0000000,0000000,0000000,0000000,0000001,0000005,0000556,0000000,0000000,N
07,1987,06,1,01,18,ALGARINEJO,01,0001,A,0000892,0000892,0000000,0000000,0000000,0000000,0000000,0000002,0000524,0000000,0000000,N
07,1987,06,1,01,18,ALHAMA DE GRANADA,01,0001,A,0001030,0001030,0000000,0000000,0000000,0000000,0000002,0000014,0000723,0000000,0000000,N
07,1987,06,1,01,18,ALHAMA DE GRANADA,01,0003,A,0000828,0000828,0000000,0000000,0000000,0000000,0000005,0000009,0000596,0000000,0000000,N
07,1987,06,1,01,18,ALICÚN DE ORTEGA,01,0001,A,0000579,0000579,0000000,0000000,0000000,0000000,0000000,0000000,0000399,0000000,0000000,N
07,1987,06,1,01,18,ALBUÑÁN,01,0001,A,0000430,0000430,0000000,0000000,0000000,0000000,0000004,0000001,0000333,0000000,0000000,N
07,1987,06,1,01,18,ALHAMA DE GRANADA,01,0002,A,0000978,0000978,0000000,0000000,0000000,0000000,0000004,0000008,0000699,0000000,0000000,N
07,1987,06,1,01,18,BAZA,02,0004,A,0001183,0001183,0000000,0000000,0000000,0000000,0000008,0000017,0000647,0000000,0000000,N
07,1987,06,1,01,18,COGOLLOS DE LA VEGA,01,0001,A,0000608,0000608,0000000,0000000,0000000,0000000,0000001,0000004,0000438,0000000,0000000,N
07,1987,06,1,01,18,COGOLLOS DE LA VEGA,01,0002,A,0000808,0000808,0000000,0000000,0000000,0000000,0000005,0000005,0000607,0000000,0000000,N
07,1987,06,1,01,18,CÚLLAR,01,0003,A,0001009,0001009,0000000,0000000,0000000,0000000,0000004,0000019,0000681,0000000,0000000,N
07,1987,06,1,01,18,CÚLLAR,01,0003,C,0000325,0000325,0000000,0000000,0000000,0000000,0000003,0000000,0000262,0000000,0000000,N
07,1987,06,1,01,18,DARRO,01,0001,A,0001114,0001114,0000000,0000000,0000000,0000000,0000003,0000003,0000785,0000000,0000000,N
07,1987,06,1,01,18,FREILA,01,0001,A,0001029,0001029,0000000,0000000,0000000,0000000,0000003,0000003,0000669,0000000,0000000,N
07,1987,06,1,01,18,GOBERNADOR,01,0001,A,0000374,0000374,0000000,0000000,0000000,0000000,0000000,0000001,0000277,0000000,0000000,N
07,1987,06,1,01,18,GRANADA,02,0038,A,0000919,0000919,0000000,0000000,0000000,0000000,0000004,0000012,0000619,0000000,0000000,N
07,1987,06,1,01,18,GRANADA,03,0004,A,0001495,0001495,0000000,0000000,0000000,0000000,0000005,0000002,0001049,0000000,0000000,N
07,1987,06,1,01,18,ALHAMA DE GRANADA,01,0004,A,0001053,0001053,0000000,0000000,0000000,0000000,0000001,0000005,0000804,0000000,0000000,N
07,1987,06,1,01,18,ALMUÑÉCAR,01,0001,B,0001208,0001208,0000000,0000000,0000000,0000000,0000000,0000006,0000942,0000000,0000000,N
07,1987,06,1,01,18,ARMILLA,01,0003,A,0001423,0001423,0000000,0000000,0000000,0000000,0000005,0000013,0000881,0000000,0000000,N
07,1987,06,1,01,18,ATARFE,01,0004,B,0000249,0000249,0000000,0000000,0000000,0000000,0000000,0000002,0000179,0000000,0000000,N
07,1987,06,1,01,18,BAZA,01,0002,A,0000686,0000686,0000000,0000000,0000000,0000000,0000001,0000006,0000351,0000000,0000000,N
07,1987,06,1,01,18,BAZA,01,0002,B,0001029,0001029,0000000,0000000,0000000,0000000,0000003,0000005,0000510,0000000,0000000,N
07,1987,06,1,01,18,BENALÚA,01,0001,A,0000993,0000993,0000000,0000000,0000000,0000000,0000000,0000004,0000691,0000000,0000000,N
07,1987,06,1,01,18,CÁDIAR,01,0001,B,0000854,0000854,0000000,0000000,0000000,0000000,0000002,0000004,0000596,0000000,0000000,N
07,1987,06,1,01,18,CÁDIAR,01,0001,C,0000208,0000208,0000000,0000000,0000000,0000000,0000000,0000000,0000157,0000000,0000000,N
07,1987,06,1,01,18,CÁSTARAS,01,0001,A,0000306,0000306,0000000,0000000,0000000,0000000,0000000,0000000,0000175,0000000,0000000,N
07,1987,06,1,01,18,CASTRIL,02,0001,B,0000360,0000360,0000000,0000000,0000000,0000000,0000005,0000000,0000109,0000000,0000000,N
07,1987,06,1,01,18,CORTES DE BAZA,01,0002,A,0000277,0000277,0000000,0000000,0000000,0000000,0000000,0000000,0000135,0000000,0000000,N
07,1987,06,1,01,18,CORTES Y GRAENA,01,0001,A,0000777,0000777,0000000,0000000,0000000,0000000,0000001,0000003,0000590,0000000,0000000,N
07,1987,06,1,01,18,CHAUCHINA,01,0002,B,0000420,0000420,0000000,0000000,0000000,0000000,0000002,0000001,0000273,0000000,0000000,N
07,1987,06,1,01,18,GÓJAR,01,0001,A,0000764,0000764,0000000,0000000,0000000,0000000,0000002,0000004,0000559,0000000,0000000,N
07,1987,06,1,01,18,GOR,01,0001,A,0001248,0001248,0000000,0000000,0000000,0000000,0000007,0000003,0000753,0000000,0000000,N
07,1987,06,1,01,18,GRANADA,02,0017,A,0001403,0001403,0000000,0000000,0000000,0000000,0000011,0000005,0000967,0000000,0000000,N
07,1987,06,1,01,18,GRANADA,02,0024,A,0000849,0000849,0000000,0000000,0000000,0000000,0000006,0000051,0000530,0000000,0000000,N
07,1987,06,1,01,18,BAZA,02,0001,A,0001588,0001588,0000000,0000000,0000000,0000000,0000009,0000007,0000777,0000000,0000000,N
07,1987,06,1,01,18,BAZA,02,0005,A,0001115,0001115,0000000,0000000,0000000,0000000,0000004,0000006,0000592,0000000,0000000,N
07,1987,06,1,01,18,BÉRCHULES,01,0001,A,0000606,0000606,0000000,0000000,0000000,0000000,0000005,0000002,0000364,0000000,0000000,N
07,1987,06,1,01,18,CÁÑAR,01,0001,A,0000338,0000338,0000000,0000000,0000000,0000000,0000001,0000000,0000202,0000000,0000000,N
07,1987,06,1,01,18,CAPILEIRA,01,0001,A,0000438,0000438,0000000,0000000,0000000,0000000,0000000,0000000,0000338,0000000,0000000,N
07,1987,06,1,01,18,CASTRIL,02,0002,A,0000343,0000343,0000000,0000000,0000000,0000000,0000006,0000001,0000165,0000000,0000000,N
07,1987,06,1,01,18,CORTES DE BAZA,01,0002,B,0000201,0000201,0000000,0000000,0000000,0000000,0000000,0000002,0000119,0000000,0000000,N
07,1987,06,1,01,18,CORTES DE BAZA,01,0002,C,0000273,0000273,0000000,0000000,0000000,0000000,0000005,0000002,0000167,0000000,0000000,N
07,1987,06,1,01,18,FONELAS,01,0001,A,0001046,0001046,0000000,0000000,0000000,0000000,0000000,0000005,0000628,0000000,0000000,N
07,1987,06,1,01,18,GRANADA,01,0004,A,0001253,0001253,0000000,0000000,0000000,0000000,0000001,0000033,0000853,0000000,0000000,N
07,1987,06,1,01,18,GRANADA,01,0007,A,0001428,0001428,0000000,0000000,0000000,0000000,0000011,0000059,0000951,0000000,0000000,N
07,1987,06,1,01,18,GRANADA,01,0019,A,0001125,0001125,0000000,0000000,0000000,0000000,0000006,0000002,0000717,0000000,0000000,N
07,1987,06,1,01,18,GRANADA,02,0023,A,0001155,0001155,0000000,0000000,0000000,0000000,0000004,0000104,0000699,0000000,0000000,N
07,1987,06,1,01,18,GRANADA,02,0041,A,0000733,0000733,0000000,0000000,0000000,0000000,0000001,0000018,0000486,0000000,0000000,N
07,1987,06,1,01,18,GRANADA,02,0043,A,0001143,0001143,0000000,0000000,0000000,0000000,0000006,0000003,0000735,0000000,0000000,N
07,1987,06,1,01,18,GRANADA,03,0010,A,0001190,0001190,0000000,0000000,0000000,0000000,0000002,0000006,0000695,0000000,0000000,N
07,1987,06,1,01,18,GRANADA,03,0019,B,0001097,0001097,0000000,0000000,0000000,0000000,0000001,0000004,0000504,0000000,0000000,N
07,1987,06,1,01,18,GRANADA,04,0002,A,0001144,0001144,0000000,0000000,0000000,0000000,0000003,0000008,0000562,0000000,0000000,N
07,1987,06,1,01,18,GRANADA,03,0022,A,0000845,0000845,0000000,0000000,0000000,0000000,0000003,0000021,0000543,0000000,0000000,N
07,1987,06,1,01,18,GRANADA,07,0002,A,0000513,0000513,0000000,0000000,0000000,0000000,0000003,0000001,0000342,0000000,0000000,N
07,1987,06,1,01,18,GRANADA,07,0003,A,0000818,0000818,0000000,0000000,0000000,0000000,0000006,0000048,0000528,0000000,0000000,N
07,1987,06,1,01,18,GRANADA,07,0006,A,0001333,0001333,0000000,0000000,0000000,0000000,0000010,0000013,0000848,0000000,0000000,N
07,1987,06,1,01,18,GRANADA,07,0016,A,0000793,0000793,0000000,0000000,0000000,0000000,0000006,0000007,0000519,0000000,0000000,N
07,1987,06,1,01,18,HUÉTOR TÁJAR,01,0002,A,0001273,0001273,0000000,0000000,0000000,0000000,0000016,0000010,0000639,0000000,0000000,N
07,1987,06,1,01,18,LOJA,04,0002,A,0000220,0000220,0000000,0000000,0000000,0000000,0000000,0000001,0000155,0000000,0000000,N
07,1987,06,1,01,18,LOJA,05,0002,B,0000285,0000285,0000000,0000000,0000000,0000000,0000000,0000002,0000148,0000000,0000000,N
07,1987,06,1,01,18,MARACENA,01,0003,A,0001057,0001057,0000000,0000000,0000000,0000000,0000002,0000009,0000785,0000000,0000000,N
07,1987,06,1,01,18,MOTRIL,05,0001,A,0000823,0000823,0000000,0000000,0000000,0000000,0000001,0000010,0000557,0000000,0000000,N
07,1987,06,1,01,18,NÍVAR,01,0001,A,0000381,0000381,0000000,0000000,0000000,0000000,0000005,0000001,0000305,0000000,0000000,N
07,1987,06,1,01,18,ÓRGIVA,01,0001,A,0001520,0001520,0000000,0000000,0000000,0000000,0000007,0000010,0001008,0000000,0000000,N
07,1987,06,1,01,18,PADUL,01,0002,A,0000869,0000869,0000000,0000000,0000000,0000000,0000005,0000002,0000657,0000000,0000000,N
07,1987,06,1,01,18,PINOS PUENTE,02,0002,A,0001363,0001363,0000000,0000000,0000000,0000000,0000002,0000009,0000794,0000000,0000000,N
07,1987,06,1,01,18,TURÓN,01,0001,A,0000397,0000397,0000000,0000000,0000000,0000000,0000001,0000000,0000329,0000000,0000000,N
07,1987,06,1,01,18,VENTAS DE HUELMA,01,0001,A,0000632,0000632,0000000,0000000,0000000,0000000,0000001,0000000,0000451,0000000,0000000,N
07,1987,06,1,01,18,ZUBIA (LA),01,0004,A,0001511,0001511,0000000,0000000,0000000,0000000,0000008,0000024,0001112,0000000,0000000,N
07,1987,06,1,01,18,ALPUJARRA DE LA SIERRA,01,0001,A,0000752,0000752,0000000,0000000,0000000,0000000,0000003,0000004,0000493,0000000,0000000,N
07,1987,06,1,01,18,GRANADA,02,0032,A,0001502,0001502,0000000,0000000,0000000,0000000,0000001,0000018,0000878,0000000,0000000,N
07,1987,06,1,01,18,GRANADA,03,0012,A,0001035,0001035,0000000,0000000,0000000,0000000,0000005,0000004,0000630,0000000,0000000,N
07,1987,06,1,01,18,GRANADA,03,0023,A,0001535,0001535,0000000,0000000,0000000,0000000,0000007,0000012,0000840,0000000,0000000,N
07,1987,06,1,01,18,GRANADA,03,0025,A,0001582,0001582,0000000,0000000,0000000,0000000,0000003,0000004,0001034,0000000,0000000,N
07,1987,06,1,01,18,GRANADA,06,0010,A,0001155,0001155,0000000,0000000,0000000,0000000,0000004,0000016,0000761,0000000,0000000,N
07,1987,06,1,01,18,GRANADA,06,0011,A,0000976,0000976,0000000,0000000,0000000,0000000,0000003,0000037,0000644,0000000,0000000,N
07,1987,06,1,01,18,GRANADA,06,0014,A,0001053,0001053,0000000,0000000,0000000,0000000,0000002,0000013,0000670,0000000,0000000,N
07,1987,06,1,01,18,GRANADA,07,0009,A,0000580,0000580,0000000,0000000,0000000,0000000,0000002,0000001,0000422,0000000,0000000,N
07,1987,06,1,01,18,GRANADA,09,0007,A,0001298,0001298,0000000,0000000,0000000,0000000,0000005,0000094,0000788,0000000,0000000,N
07,1987,06,1,01,18,GUADIX,02,0001,A,0000483,0000483,0000000,0000000,0000000,0000000,0000001,0000000,0000347,0000000,0000000,N
07,1987,06,1,01,18,GÜEJAR SIERRA,01,0003,A,0000535,0000535,0000000,0000000,0000000,0000000,0000001,0000001,0000415,0000000,0000000,N
07,1987,06,1,01,18,HUÉTOR VEGA,01,0002,A,0000865,0000865,0000000,0000000,0000000,0000000,0000010,0000003,0000586,0000000,0000000,N
07,1987,06,1,01,18,IZNALLOZ,01,0003,B,0000409,0000409,0000000,0000000,0000000,0000000,0000000,0000001,0000252,0000000,0000000,N
07,1987,06,1,01,18,LANJARÓN,01,0003,A,0000646,0000646,0000000,0000000,0000000,0000000,0000002,0000003,0000501,0000000,0000000,N
07,1987,06,1,01,18,LANJARÓN,01,0004,A,0000810,0000810,0000000,0000000,0000000,0000000,0000002,0000006,0000611,0000000,0000000,N
07,1987,06,1,01,18,LOJA,02,0001,B,0000586,0000586,0000000,0000000,0000000,0000000,0000001,0000002,0000410,0000000,0000000,N
07,1987,06,1,01,18,LOJA,02,0002,B,0000671,0000671,0000000,0000000,0000000,0000000,0000001,0000001,0000504,0000000,0000000,N
07,1987,06,1,01,18,LOJA,04,0002,C,0000353,0000353,0000000,0000000,0000000,0000000,0000001,0000005,0000202,0000000,0000000,N
07,1987,06,1,01,18,MARCHAL,01,0001,A,0000437,0000437,0000000,0000000,0000000,0000000,0000000,0000000,0000301,0000000,0000000,N
07,1987,06,1,01,18,GRANADA,06,0007,A,0001190,0001190,0000000,0000000,0000000,0000000,0000010,0000013,0000696,0000000,0000000,N
07,1987,06,1,01,18,GUADIX,01,0008,B,0000209,0000209,0000000,0000000,0000000,0000000,0000000,0000000,0000151,0000000,0000000,N
07,1987,06,1,01,18,GUADIX,02,0002,A,0000565,0000565,0000000,0000000,0000000,0000000,0000000,0000006,0000372,0000000,0000000,N
07,1987,06,1,01,18,HUÉTOR TÁJAR,01,0003,A,0001674,0001674,0000000,0000000,0000000,0000000,0000000,0000040,0001014,0000000,0000000,N
07,1987,06,1,01,18,ILLORA,02,0001,A,0000658,0000658,0000000,0000000,0000000,0000000,0000003,0000003,0000484,0000000,0000000,N
07,1987,06,1,01,18,ILLORA,02,0003,A,0000868,0000868,0000000,0000000,0000000,0000000,0000006,0000010,0000614,0000000,0000000,N
07,1987,06,1,01,18,LÁCHAR,01,0001,A,0001076,0001076,0000000,0000000,0000000,0000000,0000003,0000019,0000787,0000000,0000000,N
07,1987,06,1,01,18,LOJA,01,0001,B,0000560,0000560,0000000,0000000,0000000,0000000,0000002,0000009,0000406,0000000,0000000,N
07,1987,06,1,01,18,LOJA,02,0002,A,0000541,0000541,0000000,0000000,0000000,0000000,0000002,0000009,0000394,0000000,0000000,N
07,1987,06,1,01,18,MARACENA,01,0001,A,0000865,0000865,0000000,0000000,0000000,0000000,0000003,0000011,0000585,0000000,0000000,N
07,1987,06,1,01,18,MARACENA,02,0004,A,0001252,0001252,0000000,0000000,0000000,0000000,0000006,0000006,0000973,0000000,0000000,N
07,1987,06,1,01,18,MONTEFRÍO,01,0001,A,0001295,0001295,0000000,0000000,0000000,0000000,0000000,0000007,0000875,0000000,0000000,N
07,1987,06,1,01,18,MORALEDA DE ZAFAYONA,01,0001,B,0001030,0001030,0000000,0000000,0000000,0000000,0000003,0000003,0000703,0000000,0000000,N
07,1987,06,1,01,18,MOTRIL,04,0012,A,0001179,0001179,0000000,0000000,0000000,0000000,0000005,0000001,0000774,0000000,0000000,N
07,1987,06,1,01,18,MOTRIL,05,0001,B,0000801,0000801,0000000,0000000,0000000,0000000,0000003,0000017,0000455,0000000,0000000,N
07,1987,06,1,01,18,MOTRIL,05,0003,A,0000762,0000762,0000000,0000000,0000000,0000000,0000003,0000002,0000362,0000000,0000000,N
07,1987,06,1,01,18,PADUL,02,0002,A,0000987,0000987,0000000,0000000,0000000,0000000,0000002,0000009,0000717,0000000,0000000,N
07,1987,06,1,01,18,PELIGROS,01,0002,B,0000986,0000986,0000000,0000000,0000000,0000000,0000001,0000006,0000789,0000000,0000000,N
07,1987,06,1,01,18,PINOS PUENTE,03,0002,A,0000727,0000727,0000000,0000000,0000000,0000000,0000007,0000001,0000570,0000000,0000000,N
07,1987,06,1,01,18,ALPUJARRA DE LA SIERRA,01,0001,B,0000426,0000426,0000000,0000000,0000000,0000000,0000001,0000003,0000320,0000000,0000000,N
07,1987,06,1,01,18,PINAR (EL),01,0001,A,0000782,0000782,0000000,0000000,0000000,0000000,0000005,0000004,0000500,0000000,0000000,N
07,1987,06,1,01,18,MOLVÍZAR,01,0002,A,0001021,0001021,0000000,0000000,0000000,0000000,0000000,0000005,0000829,0000000,0000000,N
07,1987,06,1,01,18,MOTRIL,03,0001,A,0000731,0000731,0000000,0000000,0000000,0000000,0000003,0000007,0000468,0000000,0000000,N
07,1987,06,1,01,18,PINOS PUENTE,02,0001,A,0000789,0000789,0000000,0000000,0000000,0000000,0000001,0000004,0000617,0000000,0000000,N
07,1987,06,1,01,18,PINOS PUENTE,03,0001,A,0000952,0000952,0000000,0000000,0000000,0000000,0000000,0000002,0000729,0000000,0000000,N
07,1987,06,1,01,18,PÍÑAR,01,0001,A,0000938,0000938,0000000,0000000,0000000,0000000,0000003,0000001,0000694,0000000,0000000,N
07,1987,06,1,01,18,SANTA FE,01,0003,A,0000697,0000697,0000000,0000000,0000000,0000000,0000001,0000004,0000508,0000000,0000000,N
07,1987,06,1,01,18,SANTA FE,02,0001,B,0000242,0000242,0000000,0000000,0000000,0000000,0000000,0000007,0000189,0000000,0000000,N
07,1987,06,1,01,18,UGÍJAR,01,0001,B,0000349,0000349,0000000,0000000,0000000,0000000,0000000,0000002,0000239,0000000,0000000,N
07,1987,06,1,01,18,VÉLEZ DE BENAUDALLA,01,0002,A,0001046,0001046,0000000,0000000,0000000,0000000,0000000,0000005,0000758,0000000,0000000,N
07,1987,06,1,01,18,VALLE (EL),01,0001,C,0000256,0000256,0000000,0000000,0000000,0000000,0000000,0000002,0000191,0000000,0000000,N
07,1987,06,1,01,18,NEVADA,01,0001,B,0000287,0000287,0000000,0000000,0000000,0000000,0000000,0000001,0000176,0000000,0000000,N
07,1987,06,1,01,18,VALLE DEL ZALABÍ,01,0001,A,0001085,0001085,0000000,0000000,0000000,0000000,0000003,0000008,0000884,0000000,0000000,N
07,1987,06,1,01,18,VILLAMENA,01,0001,B,0000345,0000345,0000000,0000000,0000000,0000000,0000001,0000000,0000267,0000000,0000000,N
07,1987,06,1,01,18,VEGAS DEL GENIL,01,0001,B,0000401,0000401,0000000,0000000,0000000,0000000,0000006,0000001,0000301,0000000,0000000,N
07,1987,06,1,01,18,,09,0000,U,0000000,0002168,0000000,0000000,0000000,0000000,0000001,0000009,0000747,0000000,0000000,S
07,1987,06,1,01,18,PINAR (EL),01,0001,B,0000357,0000357,0000000,0000000,0000000,0000000,0000002,0000015,0000234,0000000,0000000,N
07,1987,06,1,01,18,HUÉSCAR,01,0002,A,0000669,0000669,0000000,0000000,0000000,0000000,0000002,0000006,0000416,0000000,0000000,N
07,1987,06,1,01,18,ILLORA,02,0004,B,0000345,0000345,0000000,0000000,0000000,0000000,0000003,0000006,0000294,0000000,0000000,N
07,1987,06,1,01,18,IZNALLOZ,01,0002,B,0001432,0001432,0000000,0000000,0000000,0000000,0000003,0000003,0000847,0000000,0000000,N
07,1987,06,1,01,18,LECRÍN,01,0001,A,0000383,0000383,0000000,0000000,0000000,0000000,0000000,0000000,0000274,0000000,0000000,N
07,1987,06,1,01,18,LECRÍN,01,0001,C,0000279,0000279,0000000,0000000,0000000,0000000,0000001,0000000,0000231,0000000,0000000,N
07,1987,06,1,01,18,LOJA,04,0003,B,0000467,0000467,0000000,0000000,0000000,0000000,0000001,0000008,0000311,0000000,0000000,N
07,1987,06,1,01,18,LOJA,05,0001,B,0000628,0000628,0000000,0000000,0000000,0000000,0000006,0000017,0000408,0000000,0000000,N
07,1987,06,1,01,18,MARACENA,02,0002,A,0000875,0000875,0000000,0000000,0000000,0000000,0000006,0000020,0000653,0000000,0000000,N
07,1987,06,1,01,18,MOTRIL,02,0003,A,0000930,0000930,0000000,0000000,0000000,0000000,0000002,0000005,0000454,0000000,0000000,N
07,1987,06,1,01,18,MURTAS,01,0001,A,0000962,0000962,0000000,0000000,0000000,0000000,0000007,0000003,0000556,0000000,0000000,N
07,1987,06,1,01,18,POLOPOS,01,0001,A,0000231,0000231,0000000,0000000,0000000,0000000,0000000,0000001,0000154,0000000,0000000,N
07,1987,06,1,01,18,PUEBLA DE DON FADRIQUE,01,0002,B,0000346,0000346,0000000,0000000,0000000,0000000,0000005,0000003,0000231,0000000,0000000,N
07,1987,06,1,01,18,PURULLENA,01,0001,C,0000862,0000862,0000000,0000000,0000000,0000000,0000002,0000006,0000600,0000000,0000000,N
07,1987,06,1,01,18,SALAR,01,0001,A,0000781,0000781,0000000,0000000,0000000,0000000,0000004,0000003,0000632,0000000,0000000,N
07,1987,06,1,01,18,SALOBREÑA,01,0005,A,0001418,0001418,0000000,0000000,0000000,0000000,0000011,0000001,0001003,0000000,0000000,N
07,1987,06,1,01,18,SORVILÁN,01,0001,A,0000558,0000558,0000000,0000000,0000000,0000000,0000003,0000003,0000327,0000000,0000000,N
07,1987,06,1,01,18,TREVÉLEZ,01,0001,A,0000668,0000668,0000000,0000000,0000000,0000000,0000002,0000000,0000438,0000000,0000000,N
07,1987,06,1,01,18,TAHA (LA),01,0001,A,0000726,0000726,0000000,0000000,0000000,0000000,0000000,0000000,0000496,0000000,0000000,N
07,1987,06,1,01,18,ALBOLOTE,01,0001,A,0001383,0001383,0000000,0000000,0000000,0000000,0000000,0000016,0001006,0000000,0000000,N
07,1987,06,1,01,18,ALBUÑOL,02,0001,B,0000360,0000360,0000000,0000000,0000000,0000000,0000000,0000001,0000279,0000000,0000000,N
07,1987,06,1,01,18,ALGARINEJO,01,0002,A,0000829,0000829,0000000,0000000,0000000,0000000,0000002,0000002,0000502,0000000,0000000,N
07,1987,06,1,01,18,BAZA,03,0001,A,0001034,0001034,0000000,0000000,0000000,0000000,0000004,0000008,0000481,0000000,0000000,N
07,1987,06,1,01,18,BÉRCHULES,01,0001,B,0000204,0000204,0000000,0000000,0000000,0000000,0000001,0000001,0000111,0000000,0000000,N
07,1987,06,1,01,18,CORTES DE BAZA,01,0003,A,0000741,0000741,0000000,0000000,0000000,0000000,0000000,0000004,0000442,0000000,0000000,N
07,1987,06,1,01,18,ALBOLOTE,01,0005,A,0001137,0001137,0000000,0000000,0000000,0000000,0000004,0000007,0000834,0000000,0000000,N
07,1987,06,1,01,18,ALBONDÓN,01,0001,A,0000486,0000486,0000000,0000000,0000000,0000000,0000007,0000001,0000359,0000000,0000000,N
07,1987,06,1,01,18,ALBUÑOL,01,0002,A,0000604,0000604,0000000,0000000,0000000,0000000,0000003,0000001,0000451,0000000,0000000,N
07,1987,06,1,01,18,ALBUÑOL,03,0001,A,0000761,0000761,0000000,0000000,0000000,0000000,0000005,0000003,0000511,0000000,0000000,N
07,1987,06,1,01,18,ALHENDÍN,01,0001,A,0001206,0001206,0000000,0000000,0000000,0000000,0000004,0000007,0000898,0000000,0000000,N
07,1987,06,1,01,18,ARMILLA,01,0004,A,0001095,0001095,0000000,0000000,0000000,0000000,0000007,0000003,0000746,0000000,0000000,N
07,1987,06,1,01,18,ARMILLA,01,0005,A,0000905,0000905,0000000,0000000,0000000,0000000,0000004,0000011,0000529,0000000,0000000,N
07,1987,06,1,01,18,BAZA,02,0002,B,0000245,0000245,0000000,0000000,0000000,0000000,0000000,0000006,0000076,0000000,0000000,N
07,1987,06,1,01,18,BUSQUÍSTAR,01,0001,A,0000332,0000332,0000000,0000000,0000000,0000000,0000001,0000000,0000132,0000000,0000000,N
07,1987,06,1,01,18,CANILES,01,0003,A,0000901,0000901,0000000,0000000,0000000,0000000,0000008,0000002,0000486,0000000,0000000,N
07,1987,06,1,01,18,CÚLLAR,01,0001,A,0001161,0001161,0000000,0000000,0000000,0000000,0000000,0000002,0000760,0000000,0000000,N
07,1987,06,1,01,18,DEIFONTES,01,0002,A,0000675,0000675,0000000,0000000,0000000,0000000,0000004,0000003,0000469,0000000,0000000,N
07,1987,06,1,01,18,DIEZMA,01,0001,A,0000829,0000829,0000000,0000000,0000000,0000000,0000003,0000005,0000695,0000000,0000000,N
07,1987,06,1,01,18,DÓLAR,01,0001,A,0000640,0000640,0000000,0000000,0000000,0000000,0000006,0000006,0000433,0000000,0000000,N
07,1987,06,1,01,18,GALERA,01,0001,B,0000202,0000202,0000000,0000000,0000000,0000000,0000000,0000006,0000143,0000000,0000000,N
07,1987,06,1,01,18,GÓJAR,01,0001,B,0000672,0000672,0000000,0000000,0000000,0000000,0000002,0000003,0000499,0000000,0000000,N
07,1987,06,1,01,18,VALLE DEL ZALABÍ,01,0002,A,0000470,0000470,0000000,0000000,0000000,0000000,0000000,0000000,0000398,0000000,0000000,N
07,1987,06,1,01,18,CUEVAS DEL CAMPO,01,0002,A,0000776,0000776,0000000,0000000,0000000,0000000,0000003,0000002,0000489,0000000,0000000,N
07,1987,06,1,01,18,CHURRIANA DE LA VEGA,01,0001,A,0001643,0001643,0000000,0000000,0000000,0000000,0000004,0000006,0001200,0000000,0000000,N
07,1987,06,1,01,18,GRANADA,01,0014,A,0001136,0001136,0000000,0000000,0000000,0000000,0000002,0000013,0000790,0000000,0000000,N
07,1987,06,1,01,18,GRANADA,01,0017,A,0000658,0000658,0000000,0000000,0000000,0000000,0000002,0000005,0000440,0000000,0000000,N
07,1987,06,1,01,18,GRANADA,02,0007,A,0001320,0001320,0000000,0000000,0000000,0000000,0000010,0000042,0000878,0000000,0000000,N
07,1987,06,1,01,18,GRANADA,02,0011,A,0001050,0001050,0000000,0000000,0000000,0000000,0000000,0000056,0000654,0000000,0000000,N
07,1987,06,1,01,18,GRANADA,02,0022,A,0001902,0001902,0000000,0000000,0000000,0000000,0000007,0000028,0001173,0000000,0000000,N
07,1987,06,1,01,18,GRANADA,02,0025,A,0001544,0001544,0000000,0000000,0000000,0000000,0000000,0000015,0000943,0000000,0000000,N
07,1987,06,1,01,18,GRANADA,03,0009,A,0001446,0001446,0000000,0000000,0000000,0000000,0000006,0000027,0000875,0000000,0000000,N
07,1987,06,1,01,18,GRANADA,03,0021,A,0001934,0001934,0000000,0000000,0000000,0000000,0000003,0000027,0000922,0000000,0000000,N
07,1987,06,1,01,18,GRANADA,05,0001,A,0000731,0000731,0000000,0000000,0000000,0000000,0000001,0000005,0000328,0000000,0000000,N
07,1987,06,1,01,18,GRANADA,06,0001,A,0000926,0000926,0000000,0000000,0000000,0000000,0000003,0000007,0000453,0000000,0000000,N
07,1987,06,1,01,18,GRANADA,06,0008,A,0000972,0000972,0000000,0000000,0000000,0000000,0000009,0000009,0000532,0000000,0000000,N
07,1987,06,1,01,18,GRANADA,06,0019,A,0000971,0000971,0000000,0000000,0000000,0000000,0000006,0000014,0000616,0000000,0000000,N
07,1987,06,1,01,18,GRANADA,06,0021,A,0001123,0001123,0000000,0000000,0000000,0000000,0000003,0000007,0000700,0000000,0000000,N
07,1987,06,1,01,18,GUADIX,02,0004,B,0000190,0000190,0000000,0000000,0000000,0000000,0000001,0000003,0000116,0000000,0000000,N
07,1987,06,1,01,18,GUALCHOS,01,0002,A,0001193,0001193,0000000,0000000,0000000,0000000,0000004,0000008,0000971,0000000,0000000,N
07,1987,06,1,01,18,ILLORA,02,0004,A,0000743,0000743,0000000,0000000,0000000,0000000,0000003,0000008,0000559,0000000,0000000,N
07,1987,06,1,01,18,CALAHORRA (LA),01,0001,A,0000848,0000848,0000000,0000000,0000000,0000000,0000003,0000009,0000562,0000000,0000000,N
07,1987,06,1,01,18,GRANADA,01,0001,A,0001282,0001282,0000000,0000000,0000000,0000000,0000000,0000002,0000385,0000000,0000000,N
07,1987,06,1,01,18,GRANADA,01,0021,A,0001453,0001453,0000000,0000000,0000000,0000000,0000007,0000007,0000923,0000000,0000000,N
07,1987,06,1,01,18,GRANADA,03,0008,A,0001309,0001309,0000000,0000000,0000000,0000000,0000005,0000007,0000890,0000000,0000000,N
07,1987,06,1,01,18,GRANADA,03,0026,A,0001420,0001420,0000000,0000000,0000000,0000000,0000008,0000004,0000825,0000000,0000000,N
07,1987,06,1,01,18,GRANADA,03,0029,A,0001336,0001336,0000000,0000000,0000000,0000000,0000011,0000005,0000891,0000000,0000000,N
07,1987,06,1,01,18,GRANADA,03,0030,A,0001812,0001812,0000000,0000000,0000000,0000000,0000006,0000005,0000850,0000000,0000000,N
07,1987,06,1,01,18,GRANADA,04,0001,A,0000801,0000801,0000000,0000000,0000000,0000000,0000005,0000000,0000517,0000000,0000000,N
07,1987,06,1,01,18,GRANADA,07,0008,A,0001204,0001204,0000000,0000000,0000000,0000000,0000007,0000018,0000790,0000000,0000000,N
07,1987,06,1,01,18,GRANADA,07,0013,A,0001755,0001755,0000000,0000000,0000000,0000000,0000017,0000005,0001000,0000000,0000000,N
07,1987,06,1,01,18,GÜEJAR SIERRA,01,0001,A,0000964,0000964,0000000,0000000,0000000,0000000,0000002,0000000,0000710,0000000,0000000,N
07,1987,06,1,01,18,ILLORA,01,0003,A,0001208,0001208,0000000,0000000,0000000,0000000,0000006,0000003,0000951,0000000,0000000,N
07,1987,06,1,01,18,ILLORA,02,0002,A,0000816,0000816,0000000,0000000,0000000,0000000,0000001,0000001,0000630,0000000,0000000,N
07,1987,06,1,01,18,ITRABO,01,0001,A,0000946,0000946,0000000,0000000,0000000,0000000,0000002,0000003,0000770,0000000,0000000,N
07,1987,06,1,01,18,LECRÍN,01,0002,A,0000581,0000581,0000000,0000000,0000000,0000000,0000003,0000003,0000417,0000000,0000000,N
07,1987,06,1,01,18,LOJA,01,0003,B,0000601,0000601,0000000,0000000,0000000,0000000,0000003,0000005,0000401,0000000,0000000,N
07,1987,06,1,01,18,LÚJAR,01,0001,A,0000521,0000521,0000000,0000000,0000000,0000000,0000000,0000003,0000325,0000000,0000000,N
07,1987,06,1,01,18,MOLVÍZAR,01,0001,A,0000914,0000914,0000000,0000000,0000000,0000000,0000002,0000001,0000785,0000000,0000000,N
07,1987,06,1,01,18,MONTEJÍCAR,01,0002,A,0000742,0000742,0000000,0000000,0000000,0000000,0000000,0000000,0000538,0000000,0000000,N
07,1987,06,1,01,18,AGRÓN,01,0001,A,0000389,0000389,0000000,0000000,0000000,0000000,0000001,0000000,0000251,0000000,0000000,N
07,1987,06,1,01,18,ALBONDÓN,01,0001,B,0000651,0000651,0000000,0000000,0000000,0000000,0000004,0000004,0000464,0000000,0000000,N
07,1987,06,1,01,18,ALFACAR,01,0002,A,0000820,0000820,0000000,0000000,0000000,0000000,0000001,0000005,0000644,0000000,0000000,N
07,1987,06,1,01,18,ALQUIFE,01,0001,A,0001070,0001070,0000000,0000000,0000000,0000000,0000005,0000002,0000821,0000000,0000000,N
07,1987,06,1,01,18,CAMPOTÉJAR,01,0001,A,0001090,0001090,0000000,0000000,0000000,0000000,0000005,0000003,0000851,0000000,0000000,N
07,1987,06,1,01,18,CASTRIL,01,0001,A,0000909,0000909,0000000,0000000,0000000,0000000,0000000,0000007,0000459,0000000,0000000,N
07,1987,06,1,01,18,CIJUELA,01,0001,A,0000912,0000912,0000000,0000000,0000000,0000000,0000006,0000002,0000701,0000000,0000000,N
07,1987,06,1,01,18,DEIFONTES,01,0001,A,0001237,0001237,0000000,0000000,0000000,0000000,0000002,0000000,0000903,0000000,0000000,N
07,1987,06,1,01,18,DÚRCAL,01,0003,A,0001514,0001514,0000000,0000000,0000000,0000000,0000018,0000013,0001026,0000000,0000000,N
07,1987,06,1,01,18,FERREIRA,01,0001,A,0000379,0000379,0000000,0000000,0000000,0000000,0000001,0000006,0000290,0000000,0000000,N
07,1987,06,1,01,18,GRANADA,01,0003,A,0000773,0000773,0000000,0000000,0000000,0000000,0000001,0000007,0000533,0000000,0000000,N
07,1987,06,1,01,18,GRANADA,01,0010,A,0000853,0000853,0000000,0000000,0000000,0000000,0000004,0000069,0000520,0000000,0000000,N
07,1987,06,1,01,18,GRANADA,07,0019,A,0001159,0001159,0000000,0000000,0000000,0000000,0000005,0000007,0000655,0000000,0000000,N
07,1987,06,1,01,18,GRANADA,09,0006,A,0001114,0001114,0000000,0000000,0000000,0000000,0000001,0000011,0000713,0000000,0000000,N
07,1987,06,1,01,18,GUADIX,01,0004,A,0001246,0001246,0000000,0000000,0000000,0000000,0000012,0000004,0000812,0000000,0000000,N
07,1987,06,1,01,18,GÜEJAR SIERRA,01,0002,A,0000502,0000502,0000000,0000000,0000000,0000000,0000003,0000001,0000330,0000000,0000000,N
07,1987,06,1,01,18,ALBOLOTE,01,0003,A,0000620,0000620,0000000,0000000,0000000,0000000,0000002,0000031,0000432,0000000,0000000,N
07,1987,06,1,01,18,ALMUÑÉCAR,03,0001,A,0000867,0000867,0000000,0000000,0000000,0000000,0000000,0000003,0000680,0000000,0000000,N
07,1987,06,1,01,18,BAZA,02,0003,A,0001048,0001048,0000000,0000000,0000000,0000000,0000006,0000003,0000586,0000000,0000000,N
07,1987,06,1,01,18,CALICASAS,01,0001,A,0000423,0000423,0000000,0000000,0000000,0000000,0000000,0000001,0000369,0000000,0000000,N
07,1987,06,1,01,18,CASTRIL,02,0003,A,0000451,0000451,0000000,0000000,0000000,0000000,0000002,0000000,0000183,0000000,0000000,N
07,1987,06,1,01,18,CHAUCHINA,01,0002,A,0000909,0000909,0000000,0000000,0000000,0000000,0000002,0000004,0000627,0000000,0000000,N
07,1987,06,1,01,18,CHIMENEAS,01,0001,A,0000894,0000894,0000000,0000000,0000000,0000000,0000013,0000006,0000713,0000000,0000000,N
07,1987,06,1,01,18,DÚDAR,01,0001,A,0000211,0000211,0000000,0000000,0000000,0000000,0000002,0000001,0000135,0000000,0000000,N
07,1987,06,1,01,18,GRANADA,01,0009,A,0001500,0001500,0000000,0000000,0000000,0000000,0000007,0000009,0001079,0000000,0000000,N
07,1987,06,1,01,18,GRANADA,01,0015,A,0001764,0001764,0000000,0000000,0000000,0000000,0000008,0000005,0001158,0000000,0000000,N
07,1987,06,1,01,18,GRANADA,02,0002,A,0001233,0001233,0000000,0000000,0000000,0000000,0000006,0000008,0000802,0000000,0000000,N
07,1987,06,1,01,18,LOJA,01,0002,A,0000582,0000582,0000000,0000000,0000000,0000000,0000005,0000008,0000388,0000000,0000000,N
07,1987,06,1,01,18,LOJA,03,0004,B,0000567,0000567,0000000,0000000,0000000,0000000,0000001,0000004,0000359,0000000,0000000,N
07,1987,06,1,01,18,LOJA,04,0001,A,0000461,0000461,0000000,0000000,0000000,0000000,0000003,0000005,0000260,0000000,0000000,N
07,1987,06,1,01,18,LOJA,04,0003,A,0000278,0000278,0000000,0000000,0000000,0000000,0000000,0000003,0000193,0000000,0000000,N
07,1987,06,1,01,18,MOCLÍN,01,0001,B,0000884,0000884,0000000,0000000,0000000,0000000,0000003,0000000,0000635,0000000,0000000,N
07,1987,06,1,01,18,MOCLÍN,03,0001,A,0000477,0000477,0000000,0000000,0000000,0000000,0000000,0000001,0000294,0000000,0000000,N
07,1987,06,1,01,18,MOCLÍN,03,0001,B,0000430,0000430,0000000,0000000,0000000,0000000,0000000,0000002,0000209,0000000,0000000,N
07,1987,06,1,01,18,MONTEFRÍO,03,0002,A,0000499,0000499,0000000,0000000,0000000,0000000,0000001,0000006,0000211,0000000,0000000,N
07,1987,06,1,01,18,ORCE,01,0001,A,0000535,0000535,0000000,0000000,0000000,0000000,0000004,0000004,0000374,0000000,0000000,N
07,1987,06,1,01,18,SALOBREÑA,01,0002,A,0000946,0000946,0000000,0000000,0000000,0000000,0000005,0000002,0000649,0000000,0000000,N
07,1987,06,1,01,18,VÉLEZ DE BENAUDALLA,01,0001,A,0000933,0000933,0000000,0000000,0000000,0000000,0000000,0000003,0000698,0000000,0000000,N
07,1987,06,1,01,18,MORALEDA DE ZAFAYONA,01,0001,A,0000768,0000768,0000000,0000000,0000000,0000000,0000002,0000001,0000482,0000000,0000000,N
07,1987,06,1,01,18,MOTRIL,01,0003,B,0000844,0000844,0000000,0000000,0000000,0000000,0000002,0000004,0000509,0000000,0000000,N
07,1987,06,1,01,18,PADUL,02,0001,A,0001346,0001346,0000000,0000000,0000000,0000000,0000012,0000019,0001035,0000000,0000000,N
07,1987,06,1,01,18,PEDRO MARTÍNEZ,01,0001,A,0000528,0000528,0000000,0000000,0000000,0000000,0000001,0000000,0000332,0000000,0000000,N
07,1987,06,1,01,18,ZUBIA (LA),01,0003,A,0000924,0000924,0000000,0000000,0000000,0000000,0000001,0000004,0000679,0000000,0000000,N
07,1987,06,1,01,18,MORELÁBOR,01,0001,A,0000878,0000878,0000000,0000000,0000000,0000000,0000001,0000001,0000750,0000000,0000000,N
07,1987,06,1,01,18,VEGAS DEL GENIL,01,0001,A,0001007,0001007,0000000,0000000,0000000,0000000,0000009,0000010,0000686,0000000,0000000,N
07,1987,06,1,01,18,ALMUÑÉCAR,01,0004,A,0000952,0000952,0000000,0000000,0000000,0000000,0000000,0000011,0000761,0000000,0000000,N
07,1987,06,1,01,18,ALMUÑÉCAR,01,0006,A,0001534,0001534,0000000,0000000,0000000,0000000,0000003,0000014,0001224,0000000,0000000,N
07,1987,06,1,01,18,ARMILLA,01,0002,A,0001803,0001803,0000000,0000000,0000000,0000000,0000002,0000002,0000946,0000000,0000000,N
07,1987,06,1,01,18,ATARFE,01,0004,A,0001051,0001051,0000000,0000000,0000000,0000000,0000006,0000000,0000704,0000000,0000000,N
07,1987,06,1,01,18,CÁJAR,01,0001,A,0000606,0000606,0000000,0000000,0000000,0000000,0000005,0000003,0000440,0000000,0000000,N
07,1987,06,1,01,18,COLOMERA,01,0002,A,0000903,0000903,0000000,0000000,0000000,0000000,0000003,0000007,0000664,0000000,0000000,N
07,1987,06,1,01,18,CÚLLAR,01,0002,A,0001197,0001197,0000000,0000000,0000000,0000000,0000000,0000004,0000847,0000000,0000000,N
07,1987,06,1,01,18,DEHESAS DE GUADIX,01,0001,A,0000586,0000586,0000000,0000000,0000000,0000000,0000000,0000001,0000313,0000000,0000000,N
07,1987,06,1,01,18,FUENTE VAQUEROS,01,0003,A,0000821,0000821,0000000,0000000,0000000,0000000,0000003,0000006,0000660,0000000,0000000,N
07,1987,06,1,01,18,GALERA,01,0001,A,0001324,0001324,0000000,0000000,0000000,0000000,0000002,0000004,0000865,0000000,0000000,N
07,1987,06,1,01,18,GRANADA,01,0008,A,0000976,0000976,0000000,0000000,0000000,0000000,0000003,0000000,0000657,0000000,0000000,N
07,1987,06,1,01,18,GRANADA,01,0012,A,0001702,0001702,0000000,0000000,0000000,0000000,0000009,0000012,0001014,0000000,0000000,N
07,1987,06,1,01,18,GRANADA,02,0019,A,0001445,0001445,0000000,0000000,0000000,0000000,0000006,0000011,0000905,0000000,0000000,N
07,1987,06,1,01,18,GRANADA,02,0020,A,0001838,0001838,0000000,0000000,0000000,0000000,0000004,0000021,0001189,0000000,0000000,N
07,1987,06,1,01,18,GRANADA,02,0026,A,0000751,0000751,0000000,0000000,0000000,0000000,0000000,0000056,0000415,0000000,0000000,N
07,1987,06,1,01,18,GRANADA,02,0027,A,0000970,0000970,0000000,0000000,0000000,0000000,0000001,0000079,0000605,0000000,0000000,N
07,1987,06,1,01,18,GRANADA,03,0016,A,0000906,0000906,0000000,0000000,0000000,0000000,0000002,0000024,0000426,0000000,0000000,N
07,1987,06,1,01,18,GRANADA,03,0019,A,0001045,0001045,0000000,0000000,0000000,0000000,0000000,0000022,0000486,0000000,0000000,N
07,1987,06,1,01,18,GRANADA,03,0024,A,0001191,0001191,0000000,0000000,0000000,0000000,0000005,0000032,0000569,0000000,0000000,N
07,1987,06,1,01,18,GRANADA,06,0009,A,0001489,0001489,0000000,0000000,0000000,0000000,0000007,0000006,0000883,0000000,0000000,N
07,1987,06,1,01,18,GRANADA,07,0017,A,0001101,0001101,0000000,0000000,0000000,0000000,0000005,0000003,0000681,0000000,0000000,N
07,1987,06,1,01,18,GRANADA,07,0027,A,0001232,0001232,0000000,0000000,0000000,0000000,0000004,0000004,0000813,0000000,0000000,N
07,1987,06,1,01,18,GRANADA,08,0002,A,0001102,0001102,0000000,0000000,0000000,0000000,0000006,0000034,0000635,0000000,0000000,N
07,1987,06,1,01,18,HUÉSCAR,01,0004,B,0000884,0000884,0000000,0000000,0000000,0000000,0000002,0000005,0000417,0000000,0000000,N
07,1987,06,1,01,18,HUÉSCAR,02,0001,A,0000701,0000701,0000000,0000000,0000000,0000000,0000001,0000002,0000335,0000000,0000000,N
07,1987,06,1,01,18,LANJARÓN,01,0001,A,0000875,0000875,0000000,0000000,0000000,0000000,0000007,0000009,0000631,0000000,0000000,N
07,1987,06,1,01,18,LENTEGÍ,01,0001,A,0000286,0000286,0000000,0000000,0000000,0000000,0000001,0000000,0000237,0000000,0000000,N
07,1987,06,1,01,18,LOJA,03,0002,A,0000649,0000649,0000000,0000000,0000000,0000000,0000009,0000007,0000350,0000000,0000000,N
07,1987,06,1,01,18,MONTEFRÍO,01,0003,A,0001270,0001270,0000000,0000000,0000000,0000000,0000008,0000009,0000861,0000000,0000000,N
07,1987,06,1,01,18,MONTEFRÍO,02,0001,A,0001012,0001012,0000000,0000000,0000000,0000000,0000004,0000011,0000650,0000000,0000000,N
07,1987,06,1,01,18,MOTRIL,02,0001,A,0001167,0001167,0000000,0000000,0000000,0000000,0000003,0000008,0000691,0000000,0000000,N
07,1987,06,1,01,18,MOTRIL,03,0001,B,0000902,0000902,0000000,0000000,0000000,0000000,0000004,0000006,0000572,0000000,0000000,N
07,1987,06,1,01,18,MOTRIL,04,0004,A,0001387,0001387,0000000,0000000,0000000,0000000,0000004,0000007,0000798,0000000,0000000,N
07,1987,06,1,01,18,MOTRIL,04,0009,A,0001087,0001087,0000000,0000000,0000000,0000000,0000008,0000015,0000577,0000000,0000000,N
07,1987,06,1,01,18,ALBUÑUELAS,01,0001,A,0000742,0000742,0000000,0000000,0000000,0000000,0000003,0000004,0000551,0000000,0000000,N
07,1987,06,1,01,18,HUÉNEJA,02,0001,B,0000233,0000233,0000000,0000000,0000000,0000000,0000004,0000005,0000144,0000000,0000000,N
07,1987,06,1,01,18,HUÉSCAR,01,0003,A,0000701,0000701,0000000,0000000,0000000,0000000,0000005,0000002,0000297,0000000,0000000,N
07,1987,06,1,01,18,HUÉTOR VEGA,01,0001,A,0000902,0000902,0000000,0000000,0000000,0000000,0000001,0000001,0000637,0000000,0000000,N
07,1987,06,1,01,18,ILLORA,01,0001,A,0001268,0001268,0000000,0000000,0000000,0000000,0000006,0000004,0000952,0000000,0000000,N
07,1987,06,1,01,18,IZNALLOZ,01,0002,A,0000729,0000729,0000000,0000000,0000000,0000000,0000000,0000011,0000529,0000000,0000000,N
07,1987,06,1,01,18,LECRÍN,01,0001,B,0000545,0000545,0000000,0000000,0000000,0000000,0000001,0000009,0000402,0000000,0000000,N
07,1987,06,1,01,18,LOJA,03,0003,B,0000480,0000480,0000000,0000000,0000000,0000000,0000003,0000001,0000329,0000000,0000000,N
07,1987,06,1,01,18,LOJA,05,0002,A,0000323,0000323,0000000,0000000,0000000,0000000,0000000,0000000,0000117,0000000,0000000,N
07,1987,06,1,01,18,MONTEFRÍO,03,0001,A,0000919,0000919,0000000,0000000,0000000,0000000,0000010,0000007,0000599,0000000,0000000,N
07,1987,06,1,01,18,MONTEFRÍO,03,0001,B,0000328,0000328,0000000,0000000,0000000,0000000,0000004,0000005,0000225,0000000,0000000,N
07,1987,06,1,01,18,MOTRIL,01,0002,A,0000995,0000995,0000000,0000000,0000000,0000000,0000003,0000004,0000643,0000000,0000000,N
07,1987,06,1,01,18,MOTRIL,02,0002,A,0000817,0000817,0000000,0000000,0000000,0000000,0000000,0000003,0000481,0000000,0000000,N
07,1987,06,1,01,18,MOTRIL,04,0008,A,0001501,0001501,0000000,0000000,0000000,0000000,0000004,0000019,0000766,0000000,0000000,N
07,1987,06,1,01,18,MOTRIL,04,0010,A,0001292,0001292,0000000,0000000,0000000,0000000,0000002,0000005,0000613,0000000,0000000,N
07,1987,06,1,01,18,VILLA DE OTURA,01,0001,A,0000554,0000554,0000000,0000000,0000000,0000000,0000001,0000004,0000447,0000000,0000000,N
07,1987,06,1,01,18,PEDRO MARTÍNEZ,01,0001,B,0001009,0001009,0000000,0000000,0000000,0000000,0000003,0000008,0000542,0000000,0000000,N
07,1987,06,1,01,18,POLÍCAR,01,0001,A,0000227,0000227,0000000,0000000,0000000,0000000,0000000,0000003,0000178,0000000,0000000,N
07,1987,06,1,01,18,PÓRTUGOS,01,0001,A,0000353,0000353,0000000,0000000,0000000,0000000,0000000,0000002,0000280,0000000,0000000,N
07,1987,06,1,01,18,GRANADA,05,0002,A,0000908,0000908,0000000,0000000,0000000,0000000,0000002,0000003,0000415,0000000,0000000,N
07,1987,06,1,01,18,GRANADA,06,0004,A,0000867,0000867,0000000,0000000,0000000,0000000,0000006,0000080,0000390,0000000,0000000,N
07,1987,06,1,01,18,GRANADA,07,0015,A,0001098,0001098,0000000,0000000,0000000,0000000,0000005,0000006,0000711,0000000,0000000,N
07,1987,06,1,01,18,GRANADA,07,0026,A,0001268,0001268,0000000,0000000,0000000,0000000,0000009,0000038,0000734,0000000,0000000,N
07,1987,06,1,01,18,GRANADA,08,0006,A,0001066,0001066,0000000,0000000,0000000,0000000,0000007,0000007,0000666,0000000,0000000,N
07,1987,06,1,01,18,GRANADA,09,0004,A,0000815,0000815,0000000,0000000,0000000,0000000,0000002,0000001,0000567,0000000,0000000,N
07,1987,06,1,01,18,GUADIX,01,0006,A,0000557,0000557,0000000,0000000,0000000,0000000,0000004,0000003,0000385,0000000,0000000,N
07,1987,06,1,01,18,GUADIX,03,0002,A,0000429,0000429,0000000,0000000,0000000,0000000,0000000,0000000,0000238,0000000,0000000,N
07,1987,06,1,01,18,HUÉSCAR,01,0005,A,0000865,0000865,0000000,0000000,0000000,0000000,0000005,0000008,0000565,0000000,0000000,N
07,1987,06,1,01,18,LOBRAS,01,0001,A,0000206,0000206,0000000,0000000,0000000,0000000,0000001,0000003,0000115,0000000,0000000,N
07,1987,06,1,01,18,LOJA,01,0001,A,0000432,0000432,0000000,0000000,0000000,0000000,0000002,0000002,0000276,0000000,0000000,N
07,1987,06,1,01,18,LOJA,01,0002,B,0000769,0000769,0000000,0000000,0000000,0000000,0000001,0000001,0000471,0000000,0000000,N
07,1987,06,1,01,18,MARACENA,01,0004,A,0001157,0001157,0000000,0000000,0000000,0000000,0000001,0000005,0000862,0000000,0000000,N
07,1987,06,1,01,18,MONTEFRÍO,01,0002,A,0000960,0000960,0000000,0000000,0000000,0000000,0000004,0000014,0000617,0000000,0000000,N
07,1987,06,1,01,18,MOTRIL,04,0003,A,0001404,0001404,0000000,0000000,0000000,0000000,0000005,0000031,0000821,0000000,0000000,N
07,1987,06,1,01,18,OGÍJARES,01,0001,B,0001150,0001150,0000000,0000000,0000000,0000000,0000002,0000005,0000893,0000000,0000000,N
07,1987,06,1,01,18,ÓRGIVA,02,0001,A,0001812,0001812,0000000,0000000,0000000,0000000,0000004,0000015,0001121,0000000,0000000,N
07,1987,06,1,01,18,PADUL,01,0001,A,0001264,0001264,0000000,0000000,0000000,0000000,0000002,0000011,0000912,0000000,0000000,N
07,1987,06,1,01,18,PINOS GENIL,01,0001,A,0000655,0000655,0000000,0000000,0000000,0000000,0000004,0000002,0000533,0000000,0000000,N
07,1987,06,1,01,18,ALGARINEJO,01,0004,A,0000526,0000526,0000000,0000000,0000000,0000000,0000000,0000002,0000365,0000000,0000000,N
07,1987,06,1,01,18,BAZA,01,0001,A,0001438,0001438,0000000,0000000,0000000,0000000,0000002,0000003,0000777,0000000,0000000,N
07,1987,06,1,01,18,BENALÚA DE LAS VILLAS,01,0001,A,0001061,0001061,0000000,0000000,0000000,0000000,0000002,0000007,0000792,0000000,0000000,N
07,1987,06,1,01,18,CASTILLÉJAR,01,0001,B,0000799,0000799,0000000,0000000,0000000,0000000,0000000,0000009,0000456,0000000,0000000,N
07,1987,06,1,01,18,CÚLLAR,01,0004,A,0000300,0000300,0000000,0000000,0000000,0000000,0000003,0000005,0000201,0000000,0000000,N
07,1987,06,1,01,18,CÚLLAR,01,0004,B,0000265,0000265,0000000,0000000,0000000,0000000,0000000,0000000,0000196,0000000,0000000,N
07,1987,06,1,01,18,CHAUCHINA,01,0001,A,0001560,0001560,0000000,0000000,0000000,0000000,0000006,0000028,0001091,0000000,0000000,N
07,1987,06,1,01,18,GRANADA,01,0013,A,0001121,0001121,0000000,0000000,0000000,0000000,0000008,0000018,0000726,0000000,0000000,N
07,1987,06,1,01,18,GRANADA,01,0016,A,0000902,0000902,0000000,0000000,0000000,0000000,0000005,0000005,0000636,0000000,0000000,N
07,1987,06,1,01,18,GRANADA,02,0003,A,0001047,0001047,0000000,0000000,0000000,0000000,0000000,0000005,0000716,0000000,0000000,N
07,1987,06,1,01,18,GRANADA,02,0008,A,0000919,0000919,0000000,0000000,0000000,0000000,0000004,0000005,0000656,0000000,0000000,N
07,1987,06,1,01,18,GRANADA,02,0037,A,0001132,0001132,0000000,0000000,0000000,0000000,0000006,0000007,0000822,0000000,0000000,N
07,1987,06,1,01,18,GRANADA,06,0020,A,0000875,0000875,0000000,0000000,0000000,0000000,0000002,0000003,0000523,0000000,0000000,N
07,1987,06,1,01,18,SANTA CRUZ DEL COMERCIO,01,0001,A,0000484,0000484,0000000,0000000,0000000,0000000,0000001,0000000,0000362,0000000,0000000,N
07,1987,06,1,01,18,UGÍJAR,01,0002,B,0000275,0000275,0000000,0000000,0000000,0000000,0000000,0000001,0000195,0000000,0000000,N
07,1987,06,1,01,18,VILLANUEVA MESÍA,01,0001,A,0001335,0001335,0000000,0000000,0000000,0000000,0000008,0000004,0001080,0000000,0000000,N
07,1987,06,1,01,18,ZAFARRAYA,01,0001,B,0000662,0000662,0000000,0000000,0000000,0000000,0000003,0000004,0000549,0000000,0000000,N
07,1987,06,1,01,18,ARENAS DEL REY,01,0001,B,0000460,0000460,0000000,0000000,0000000,0000000,0000000,0000004,0000304,0000000,0000000,N
07,1987,06,1,01,18,ATARFE,01,0001,A,0001705,0001705,0000000,0000000,0000000,0000000,0000015,0000010,0001171,0000000,0000000,N
07,1987,06,1,01,18,ATARFE,01,0002,A,0001481,0001481,0000000,0000000,0000000,0000000,0000006,0000006,0001025,0000000,0000000,N
07,1987,06,1,01,18,ATARFE,01,0003,A,0000706,0000706,0000000,0000000,0000000,0000000,0000001,0000001,0000546,0000000,0000000,N
07,1987,06,1,01,18,BAZA,01,0004,A,0001006,0001006,0000000,0000000,0000000,0000000,0000001,0000006,0000604,0000000,0000000,N
07,1987,06,1,01,18,BENAMAUREL,02,0001,A,0000972,0000972,0000000,0000000,0000000,0000000,0000003,0000001,0000651,0000000,0000000,N
07,1987,06,1,01,18,CANILES,01,0002,A,0000891,0000891,0000000,0000000,0000000,0000000,0000005,0000000,0000441,0000000,0000000,N
07,1987,06,1,01,18,CANILES,02,0001,C,0000245,0000245,0000000,0000000,0000000,0000000,0000000,0000000,0000097,0000000,0000000,N
07,1987,06,1,01,18,CASTRIL,02,0002,B,0000223,0000223,0000000,0000000,0000000,0000000,0000002,0000000,0000118,0000000,0000000,N
07,1987,06,1,01,18,COGOLLOS DE GUADIX,01,0001,A,0000691,0000691,0000000,0000000,0000000,0000000,0000003,0000000,0000443,0000000,0000000,N
07,1987,06,1,01,18,COLOMERA,01,0001,A,0000638,0000638,0000000,0000000,0000000,0000000,0000003,0000006,0000485,0000000,0000000,N
07,1987,06,1,01,18,GRANADA,02,0004,A,0000952,0000952,0000000,0000000,0000000,0000000,0000002,0000016,0000644,0000000,0000000,N
07,1987,06,1,01,18,GRANADA,02,0010,A,0001279,0001279,0000000,0000000,0000000,0000000,0000010,0000015,0000885,0000000,0000000,N
07,1987,06,1,01,18,GRANADA,02,0012,A,0001325,0001325,0000000,0000000,0000000,0000000,0000008,0000050,0000898,0000000,0000000,N
07,1987,06,1,01,18,GRANADA,03,0003,A,0001634,0001634,0000000,0000000,0000000,0000000,0000010,0000002,0001161,0000000,0000000,N
07,1987,06,1,01,18,GRANADA,03,0017,A,0000914,0000914,0000000,0000000,0000000,0000000,0000001,0000039,0000465,0000000,0000000,N
07,1987,06,1,01,18,GRANADA,04,0004,A,0000606,0000606,0000000,0000000,0000000,0000000,0000003,0000003,0000323,0000000,0000000,N
07,1987,06,1,01,18,GRANADA,06,0002,A,0000761,0000761,0000000,0000000,0000000,0000000,0000000,0000011,0000333,0000000,0000000,N
07,1987,06,1,01,18,SANTA FE,01,0004,A,0001498,0001498,0000000,0000000,0000000,0000000,0000006,0000013,0001067,0000000,0000000,N
07,1987,06,1,01,18,TORRE-CARDELA,01,0001,A,0001122,0001122,0000000,0000000,0000000,0000000,0000006,0000001,0000896,0000000,0000000,N
07,1987,06,1,01,18,UGÍJAR,01,0002,A,0000836,0000836,0000000,0000000,0000000,0000000,0000009,0000000,0000641,0000000,0000000,N
07,1987,06,1,01,18,ZUBIA (LA),01,0002,A,0001281,0001281,0000000,0000000,0000000,0000000,0000008,0000016,0000865,0000000,0000000,N
07,1987,06,1,01,18,ZÚJAR,01,0002,A,0000808,0000808,0000000,0000000,0000000,0000000,0000004,0000002,0000574,0000000,0000000,N
07,1987,06,1,01,18,GABIAS (LAS),01,0001,B,0000164,0000164,0000000,0000000,0000000,0000000,0000000,0000000,0000117,0000000,0000000,N
07,1987,06,1,01,18,GUAJARES (LOS),01,0001,C,0000245,0000245,0000000,0000000,0000000,0000000,0000004,0000001,0000175,0000000,0000000,N
07,1987,06,1,01,18,SALOBREÑA,01,0003,A,0001337,0001337,0000000,0000000,0000000,0000000,0000004,0000004,0000923,0000000,0000000,N
07,1987,06,1,01,18,ZÚJAR,01,0001,A,0000786,0000786,0000000,0000000,0000000,0000000,0000000,0000003,0000504,0000000,0000000,N
07,1987,06,1,01,18,VALLE (EL),01,0001,A,0000444,0000444,0000000,0000000,0000000,0000000,0000001,0000001,0000340,0000000,0000000,N
07,1987,06,1,01,18,GABIAS (LAS),01,0003,A,0001448,0001448,0000000,0000000,0000000,0000000,0000011,0000003,0001001,0000000,0000000,N
07,1987,06,1,01,18,ZAGRA,01,0001,B,0000512,0000512,0000000,0000000,0000000,0000000,0000000,0000000,0000397,0000000,0000000,N
07,1987,06,1,01,18,GRANADA,07,0004,A,0000894,0000894,0000000,0000000,0000000,0000000,0000003,0000008,0000579,0000000,0000000,N
07,1987,06,1,01,18,GRANADA,07,0005,A,0000968,0000968,0000000,0000000,0000000,0000000,0000003,0000019,0000645,0000000,0000000,N
07,1987,06,1,01,18,GRANADA,07,0029,A,0000994,0000994,0000000,0000000,0000000,0000000,0000007,0000008,0000639,0000000,0000000,N
07,1987,06,1,01,18,GRANADA,07,0030,A,0001110,0001110,0000000,0000000,0000000,0000000,0000004,0000010,0000727,0000000,0000000,N
07,1987,06,1,01,18,GRANADA,08,0004,A,0000610,0000610,0000000,0000000,0000000,0000000,0000000,0000001,0000424,0000000,0000000,N
07,1987,06,1,01,18,GUADIX,01,0007,A,0001585,0001585,0000000,0000000,0000000,0000000,0000007,0000007,0001039,0000000,0000000,N
07,1987,06,1,01,18,GUADIX,03,0003,A,0000610,0000610,0000000,0000000,0000000,0000000,0000007,0000000,0000305,0000000,0000000,N
07,1987,06,1,01,18,HUÉSCAR,01,0002,B,0000719,0000719,0000000,0000000,0000000,0000000,0000001,0000002,0000469,0000000,0000000,N
07,1987,06,1,01,18,JUN,01,0001,A,0000603,0000603,0000000,0000000,0000000,0000000,0000000,0000001,0000502,0000000,0000000,N
07,1987,06,1,01,18,LOJA,02,0003,A,0000507,0000507,0000000,0000000,0000000,0000000,0000002,0000008,0000318,0000000,0000000,N
07,1987,06,1,01,18,LOJA,02,0003,C,0000221,0000221,0000000,0000000,0000000,0000000,0000000,0000001,0000137,0000000,0000000,N
07,1987,06,1,01,18,LOJA,03,0001,A,0000688,0000688,0000000,0000000,0000000,0000000,0000002,0000008,0000442,0000000,0000000,N
07,1987,06,1,01,18,MARACENA,02,0001,A,0000921,0000921,0000000,0000000,0000000,0000000,0000001,0000010,0000699,0000000,0000000,N
07,1987,06,1,01,18,MARACENA,02,0003,A,0000690,0000690,0000000,0000000,0000000,0000000,0000008,0000012,0000502,0000000,0000000,N
07,1987,06,1,01,18,MOCLÍN,02,0002,A,0000816,0000816,0000000,0000000,0000000,0000000,0000001,0000005,0000674,0000000,0000000,N
07,1987,06,1,01,18,MONTEJÍCAR,01,0001,A,0001402,0001402,0000000,0000000,0000000,0000000,0000000,0000004,0001047,0000000,0000000,N
07,1987,06,1,01,18,OGÍJARES,01,0001,A,0000852,0000852,0000000,0000000,0000000,0000000,0000003,0000002,0000664,0000000,0000000,N
07,1987,06,1,01,18,ORCE,01,0001,B,0000772,0000772,0000000,0000000,0000000,0000000,0000006,0000010,0000524,0000000,0000000,N
07,1987,06,1,01,18,GRANADA,06,0006,A,0001589,0001589,0000000,0000000,0000000,0000000,0000013,0000052,0000943,0000000,0000000,N
07,1987,06,1,01,18,GRANADA,07,0011,A,0001495,0001495,0000000,0000000,0000000,0000000,0000005,0000000,0001084,0000000,0000000,N
07,1987,06,1,01,18,GUADIX,02,0003,A,0000913,0000913,0000000,0000000,0000000,0000000,0000003,0000001,0000567,0000000,0000000,N
07,1987,06,1,01,18,GÜEVÉJAR,01,0001,A,0000812,0000812,0000000,0000000,0000000,0000000,0000004,0000003,0000714,0000000,0000000,N
07,1987,06,1,01,18,HUÉNEJA,01,0001,A,0000511,0000511,0000000,0000000,0000000,0000000,0000008,0000007,0000365,0000000,0000000,N
07,1987,06,1,01,18,LOJA,02,0001,A,0000455,0000455,0000000,0000000,0000000,0000000,0000005,0000002,0000300,0000000,0000000,N
07,1987,06,1,01,18,MOCLÍN,01,0001,A,0000450,0000450,0000000,0000000,0000000,0000000,0000000,0000000,0000289,0000000,0000000,N
07,1987,06,1,01,18,MONACHIL,01,0001,A,0000993,0000993,0000000,0000000,0000000,0000000,0000007,0000002,0000612,0000000,0000000,N
07,1987,06,1,01,18,MOTRIL,02,0003,B,0000905,0000905,0000000,0000000,0000000,0000000,0000006,0000006,0000486,0000000,0000000,N
07,1987,06,1,01,18,MOTRIL,04,0007,A,0000912,0000912,0000000,0000000,0000000,0000000,0000004,0000036,0000530,0000000,0000000,N
07,1987,06,1,01,18,NIGÜELAS,01,0001,A,0001000,0001000,0000000,0000000,0000000,0000000,0000014,0000009,0000686,0000000,0000000,N
07,1987,06,1,01,18,PINOS PUENTE,01,0001,A,0001542,0001542,0000000,0000000,0000000,0000000,0000007,0000005,0001135,0000000,0000000,N
07,1987,06,1,01,18,SALAR,01,0002,B,0000823,0000823,0000000,0000000,0000000,0000000,0000001,0000007,0000718,0000000,0000000,N
07,1987,06,1,01,18,SANTA FE,01,0006,A,0000865,0000865,0000000,0000000,0000000,0000000,0000002,0000008,0000612,0000000,0000000,N
07,1987,06,1,01,18,ZAFARRAYA,01,0001,A,0000789,0000789,0000000,0000000,0000000,0000000,0000001,0000003,0000654,0000000,0000000,N
07,1987,06,1,01,18,ZUBIA (LA),01,0001,A,0001267,0001267,0000000,0000000,0000000,0000000,0000006,0000005,0000909,0000000,0000000,N
07,1987,06,1,01,18,GABIAS (LAS),01,0001,A,0000924,0000924,0000000,0000000,0000000,0000000,0000005,0000000,0000672,0000000,0000000,N
07,1987,06,1,01,18,GABIAS (LAS),01,0002,A,0001073,0001073,0000000,0000000,0000000,0000000,0000003,0000001,0000818,0000000,0000000,N
07,1987,06,1,01,18,PINOS PUENTE,01,0003,A,0001829,0001829,0000000,0000000,0000000,0000000,0000006,0000003,0001303,0000000,0000000,N
07,1987,06,1,01,18,POLOPOS,01,0001,C,0000348,0000348,0000000,0000000,0000000,0000000,0000000,0000001,0000269,0000000,0000000,N
07,1987,06,1,01,18,PUEBLA DE DON FADRIQUE,01,0001,A,0001055,0001055,0000000,0000000,0000000,0000000,0000002,0000002,0000727,0000000,0000000,N
07,1987,06,1,01,18,QUÉNTAR,01,0001,A,0000936,0000936,0000000,0000000,0000000,0000000,0000004,0000043,0000613,0000000,0000000,N
07,1987,06,1,01,18,SALAR,01,0002,A,0000532,0000532,0000000,0000000,0000000,0000000,0000000,0000003,0000472,0000000,0000000,N
07,1987,06,1,01,18,SALOBREÑA,02,0001,A,0000710,0000710,0000000,0000000,0000000,0000000,0000002,0000005,0000556,0000000,0000000,N
07,1987,06,1,01,18,SANTA FE,01,0002,A,0000903,0000903,0000000,0000000,0000000,0000000,0000006,0000002,0000632,0000000,0000000,N
07,1987,06,1,01,18,SORVILÁN,01,0001,B,0000212,0000212,0000000,0000000,0000000,0000000,0000001,0000003,0000141,0000000,0000000,N
07,1987,06,1,01,18,UGÍJAR,01,0001,A,0000892,0000892,0000000,0000000,0000000,0000000,0000003,0000007,0000632,0000000,0000000,N
07,1987,06,1,01,18,NEVADA,01,0001,A,0000630,0000630,0000000,0000000,0000000,0000000,0000002,0000002,0000414,0000000,0000000,N
07,1987,06,1,01,18,GABIAS (LAS),01,0003,B,0000244,0000244,0000000,0000000,0000000,0000000,0000000,0000002,0000174,0000000,0000000,N
07,1987,06,1,01,18,ZAGRA,01,0001,A,0000509,0000509,0000000,0000000,0000000,0000000,0000002,0000002,0000317,0000000,0000000,N
